t_sec,target_speed_mmps,measured_speed_mmps,brake_percent,flags,fault_bits,target_steer_millirad,measured_steer_millirad
0.19279,0,0,0,1,1,0,40
0.243283,0,0,0,2,0,0,55
0.293072,0,0,0,2,2,0,55
0.342874,0,0,0,2,2,0,55
0.393029,0,0,0,2,2,0,55
0.443259,0,0,0,2,2,0,52
0.492867,0,0,0,2,2,0,58
0.543002,0,0,0,2,2,0,43
0.598103,0,0,0,2,2,0,70
0.642767,0,0,0,2,2,0,55
0.692522,0,0,0,2,2,0,55
0.742728,0,0,0,2,2,0,58
0.792138,0,0,0,2,2,0,49
0.842676,0,0,0,2,2,0,46
0.892696,0,0,0,2,2,0,55
0.943235,0,0,0,2,2,0,49
0.992339,0,0,0,2,2,0,58
1.04265,0,0,0,2,2,0,70
1.09266,0,0,0,2,2,0,67
1.14234,0,0,0,2,2,0,46
1.19249,0,0,0,2,2,0,58
1.2419,0,0,0,2,2,0,43
1.2921,0,0,0,2,2,0,61
1.34291,0,0,0,2,2,0,40
1.39216,0,0,0,2,2,0,49
1.44296,0,0,0,2,2,0,52
1.49249,0,0,0,2,2,0,58
1.54267,0,0,0,2,2,0,37
1.59277,0,0,0,2,2,0,58
1.64234,0,0,0,2,2,0,49
1.69278,0,0,0,2,2,0,46
1.74236,0,0,0,2,2,0,70
1.79351,0,0,0,2,2,0,43
1.84249,0,0,0,2,2,0,67
1.8921,0,0,0,2,2,0,58
1.94234,0,0,0,2,2,0,58
1.99237,0,0,0,2,2,0,52
2.04323,0,0,0,2,2,0,52
2.09237,0,0,0,2,2,0,73
2.14291,0,0,0,2,2,0,49
2.19253,0,0,0,2,2,0,40
2.24259,0,0,0,2,2,0,52
2.29253,0,0,0,2,2,0,55
2.34259,0,0,0,2,2,0,49
2.39231,0,0,0,2,2,0,37
2.44263,0,0,0,2,2,0,52
2.49262,0,0,0,2,2,0,58
2.54336,0,0,0,2,2,0,40
2.59238,0,0,0,2,2,0,49
2.64241,0,0,0,2,2,0,58
2.69201,0,0,0,2,2,0,61
2.74243,0,0,0,2,2,0,46
2.79275,0,0,0,2,2,0,58
2.84178,0,0,0,2,2,0,43
2.89206,0,0,0,2,2,0,58
2.94239,0,0,0,2,2,0,49
2.99216,0,0,0,2,2,0,58
3.04235,0,0,0,2,2,0,49
3.09254,0,0,0,2,2,0,46
3.1427,0,0,0,2,2,0,40
3.19219,0,0,0,2,2,0,49
3.24226,0,0,0,2,2,0,55
3.29271,0,0,0,2,2,0,58
3.34247,0,0,0,2,2,0,58
3.39276,0,0,0,2,2,0,55
3.44286,0,0,0,2,2,0,49
3.49284,0,0,0,2,2,0,52
3.54258,0,0,0,2,2,0,67
3.59278,0,0,0,2,2,0,58
3.64264,0,0,0,2,2,0,58
3.69258,0,0,0,2,2,0,49
3.74263,0,0,0,2,2,0,46
3.79226,0,0,0,2,2,0,58
3.84254,0,0,0,2,2,0,40
3.89226,0,0,0,2,2,0,61
3.94277,0,0,0,2,2,0,49
3.99254,0,0,0,2,2,0,49
4.0427,0,0,0,2,2,0,49
4.09256,0,0,0,2,2,0,49
4.14239,0,0,0,2,2,0,55
4.19239,0,0,0,2,2,0,58
4.24219,0,0,0,2,2,0,55
4.29222,0,0,0,2,2,0,55
4.34292,0,0,0,2,2,0,40
4.3927,0,0,0,2,2,0,58
4.44289,0,0,0,2,2,0,49
4.4933,0,0,0,2,2,0,67
4.54259,0,0,0,2,2,0,43
4.59257,0,0,0,2,2,0,55
4.64279,0,0,0,2,2,0,58
4.69256,0,0,0,2,2,0,52
4.74242,0,0,0,2,2,0,58
4.79223,0,0,0,2,2,0,49
4.84222,0,0,0,2,2,0,46
4.89253,0,0,0,2,2,0,49
4.9426,0,0,0,2,2,0,67
4.99225,0,0,0,2,2,0,37
5.04239,0,0,0,2,2,0,49
5.09257,0,0,0,2,2,0,52
5.14304,0,0,0,2,2,0,55
5.19287,0,0,0,2,2,0,52
5.2428,0,0,0,2,2,0,82
5.2932,0,0,0,2,2,0,49
5.34301,0,0,0,2,2,0,58
5.39308,0,0,0,2,2,0,82
5.44329,0,0,0,2,2,0,49
5.49256,0,0,0,2,2,0,46
5.54295,0,0,0,2,2,0,52
5.59271,0,0,0,2,2,0,49
5.64273,0,0,0,2,2,0,43
5.69215,0,0,0,2,2,0,70
5.74243,0,0,0,2,2,0,70
5.79212,0,0,0,2,2,0,49
5.84223,0,0,0,2,2,0,46
5.89273,0,0,0,2,2,0,61
5.94288,0,0,0,2,2,0,70
5.99216,0,0,0,2,2,0,58
6.04304,0,0,0,2,2,0,46
6.09319,0,0,0,2,2,0,82
6.14276,0,0,0,2,2,0,55
6.19289,0,0,0,2,2,0,55
6.2421,0,0,0,2,2,0,46
6.29268,0,0,0,2,2,0,43
6.34222,0,0,0,2,2,0,52
6.39264,0,0,0,2,2,0,46
6.44286,0,0,0,2,2,0,43
6.49267,0,0,0,2,2,0,40
6.54263,0,0,0,2,2,0,49
6.59218,0,0,0,2,2,0,58
6.64353,0,0,0,2,2,0,52
6.69284,0,0,0,2,2,0,55
6.74305,0,0,0,2,2,0,49
6.79291,0,0,0,2,2,0,46
6.84238,0,0,0,2,2,0,58
6.89325,0,0,0,2,2,0,58
6.94236,0,0,0,2,2,0,40
6.99211,0,0,0,2,2,0,58
7.04251,0,0,0,2,2,0,64
7.09222,0,0,0,2,2,0,70
7.14236,0,0,0,2,2,0,49
7.19263,0,0,0,2,2,0,79
7.24254,0,0,0,2,2,0,40
7.29272,0,0,0,2,2,0,52
7.34322,0,0,0,2,2,0,52
7.3933,0,0,0,2,2,0,49
7.44277,0,0,0,2,2,0,46
7.49213,0,0,0,2,2,0,61
7.54292,0,0,0,2,2,0,46
7.59312,0,0,0,2,2,0,64
7.64318,0,0,0,2,2,0,58
7.69264,0,0,0,2,2,0,58
7.74275,0,0,0,2,2,0,43
7.79249,0,0,0,2,2,0,52
7.8422,0,0,0,2,2,0,37
7.89228,0,0,0,2,2,0,61
7.94234,0,0,0,2,2,0,67
7.99252,0,0,0,2,2,0,52
8.04262,0,0,0,2,2,0,61
8.09254,0,0,0,2,2,0,58
8.14252,0,0,0,2,2,0,49
8.19206,0,0,0,2,2,0,55
8.24252,0,0,0,2,2,0,52
8.29209,0,0,0,2,2,0,37
8.34294,0,0,0,2,2,0,52
8.39215,0,0,0,2,2,0,67
8.44258,0,0,0,2,2,0,58
8.49224,0,0,0,2,2,0,55
8.54245,0,0,0,2,2,0,49
8.59205,0,0,0,2,2,0,49
8.64268,0,0,0,2,2,0,49
8.69301,0,0,0,2,2,0,58
8.74323,0,0,0,2,2,0,58
8.79243,0,0,0,2,2,0,58
8.84253,0,0,0,2,2,0,52
8.89252,0,0,0,2,2,0,67
8.94225,0,0,0,2,2,0,55
8.9922,0,0,0,2,2,0,55
9.04275,0,0,0,2,2,0,55
9.09252,0,0,0,2,2,0,49
9.14284,0,0,0,2,2,0,61
9.193,0,0,0,2,2,0,40
9.24302,0,0,0,2,2,0,55
9.29253,0,0,0,2,2,0,49
9.34278,0,0,0,2,2,0,76
9.39324,0,0,0,2,2,0,58
9.44213,0,0,0,2,2,0,58
9.49264,0,0,0,2,2,0,61
9.54279,0,0,0,2,2,0,58
9.59283,0,0,0,2,2,0,46
9.64281,0,0,0,2,2,0,49
9.69258,0,0,0,2,2,0,58
9.7423,0,0,0,2,2,0,49
9.79263,0,0,0,2,2,0,55
9.84261,0,0,0,2,2,0,52
9.8926,0,0,0,2,2,0,46
9.9423,0,0,0,2,2,0,49
9.99207,0,0,0,2,2,0,61
10.0426,0,0,0,2,2,0,61
10.0926,0,0,0,2,2,0,58
10.1426,0,0,0,2,2,0,37
10.1923,0,0,0,2,2,0,52
10.2427,0,0,0,2,2,0,49
10.2926,0,0,0,2,2,0,58
10.3421,0,0,0,2,2,0,49
10.3923,0,0,0,2,2,0,46
10.4421,0,0,0,2,2,0,37
10.4926,0,0,0,2,2,0,37
10.5422,0,0,0,2,2,0,49
10.5925,0,0,0,2,2,0,58
10.642,0,0,0,2,2,0,49
10.6922,0,0,0,2,2,0,49
10.7425,0,0,0,2,2,0,37
10.7923,0,0,0,2,2,0,49
10.8428,0,0,0,2,2,0,46
10.892,0,0,0,2,2,0,58
10.9428,0,0,0,2,2,0,58
10.993,0,0,0,2,2,0,58
11.0429,0,0,0,2,2,0,70
11.0925,0,0,0,2,2,0,55
11.1426,0,0,0,2,2,0,58
11.1922,0,0,0,2,2,0,49
11.2426,0,0,0,2,2,0,58
11.292,0,0,0,2,2,0,49
11.3421,0,0,0,2,2,0,49
11.3927,0,0,0,2,2,0,49
11.4423,0,0,0,2,2,0,43
11.4922,0,0,0,2,2,0,64
11.5422,0,0,0,2,2,0,55
11.5927,0,0,0,2,2,0,49
11.6428,0,0,0,2,2,0,58
11.6931,0,0,0,2,2,0,52
11.743,0,0,0,2,2,0,52
11.7919,0,0,0,2,2,0,70
11.8422,0,0,0,2,2,0,52
11.8922,0,0,0,2,2,0,58
11.9422,0,0,0,2,2,0,61
11.9929,0,0,0,2,2,0,58
12.0425,0,0,0,2,2,0,49
12.0925,0,0,0,2,2,0,52
12.1429,0,0,0,2,2,0,52
12.1923,0,0,0,2,2,0,61
12.2426,0,0,0,2,2,0,58
12.2925,0,0,0,2,2,0,52
12.3424,0,0,0,2,2,0,49
12.3929,0,0,0,2,2,0,52
12.4423,0,0,0,2,2,0,40
12.4924,0,0,0,2,2,0,61
12.5422,0,0,0,2,2,0,49
12.5919,0,0,0,2,2,0,52
12.6425,0,0,0,2,2,0,58
12.6922,0,0,0,2,2,0,58
12.7426,0,0,0,2,2,0,58
12.792,0,0,0,2,2,0,70
12.842,0,0,0,2,2,0,58
12.8925,0,0,0,2,2,0,55
12.9422,0,0,0,2,2,0,37
12.9924,0,0,0,2,2,0,52
13.042,0,0,0,2,2,0,58
13.0925,0,0,0,2,2,0,43
13.1425,0,0,0,2,2,0,58
13.1925,0,0,0,2,2,0,58
13.2426,0,0,0,2,2,0,46
13.2922,0,0,0,2,2,0,55
13.3422,0,0,0,2,2,0,46
13.3925,0,0,0,2,2,0,49
13.4431,0,0,0,2,2,0,55
13.492,0,0,0,2,2,0,40
13.5422,0,0,0,2,2,0,49
13.5924,0,0,0,2,2,0,49
13.6424,0,0,0,2,2,0,58
13.6925,0,0,0,2,2,0,55
13.7422,0,0,0,2,2,0,55
13.7925,0,0,0,2,2,0,52
13.8426,0,0,0,2,2,0,67
13.8924,0,0,0,2,2,0,52
13.9426,0,0,0,2,2,0,58
13.9925,0,0,0,2,2,0,37
14.0421,0,0,0,2,2,0,43
14.0924,0,0,0,2,2,0,49
14.1422,0,0,0,2,2,0,70
14.1922,0,0,0,2,2,0,58
14.2426,0,0,0,2,2,0,58
14.2922,0,0,0,2,2,0,49
14.3426,0,0,0,2,2,0,46
14.3925,0,0,0,2,2,0,64
14.4425,0,0,0,2,2,0,52
14.4925,0,0,0,2,2,0,49
14.543,0,0,0,2,2,0,64
14.5923,0,0,0,2,2,0,70
14.6424,0,0,0,2,2,0,43
14.6923,0,0,0,2,2,0,49
14.743,0,0,0,2,2,0,52
14.7925,0,0,0,2,2,0,55
14.8428,0,0,0,2,2,0,52
14.8925,0,0,0,2,2,0,58
14.9427,0,0,0,2,2,0,55
14.9924,0,0,0,2,2,0,52
15.0431,0,0,0,2,2,0,58
15.0931,0,0,0,2,2,0,58
15.1426,0,0,0,2,2,0,64
15.1927,0,0,0,2,2,0,49
15.2424,0,0,0,2,2,0,37
15.2929,0,0,0,2,2,0,64
15.3428,0,0,0,2,2,0,52
15.3925,0,0,0,2,2,0,58
15.4425,0,0,0,2,2,0,67
15.4926,0,0,0,2,2,0,55
15.5425,0,0,0,2,2,0,52
15.5926,0,0,0,2,2,0,52
15.6427,0,0,0,2,2,0,58
15.692,0,0,0,2,2,0,55
15.7431,0,0,0,2,2,0,49
15.7924,0,0,0,2,2,0,58
15.8422,0,0,0,2,2,0,49
15.8921,0,0,0,2,2,0,58
15.9425,0,0,0,2,2,0,58
15.9922,0,0,0,2,2,0,61
16.0424,0,0,0,2,2,0,37
16.0922,0,0,0,2,2,0,46
16.1428,0,0,0,2,2,0,49
16.192,0,0,0,2,2,0,49
16.2421,0,0,0,2,2,0,49
16.2928,0,0,0,2,2,0,40
16.3423,0,0,0,2,2,0,55
16.3921,0,0,0,2,2,0,49
16.442,0,0,0,2,2,0,58
16.4923,0,0,0,2,2,0,61
16.5422,0,0,0,2,2,0,70
16.5921,0,0,0,2,2,0,43
16.6421,0,0,0,2,2,0,52
16.6924,0,0,0,2,2,0,46
16.742,0,0,0,2,2,0,43
16.7924,0,0,0,2,2,0,49
16.8424,0,0,0,2,2,0,49
16.8921,0,0,0,2,2,0,43
16.9425,0,0,0,2,2,0,49
16.9924,0,0,0,2,2,0,61
17.0426,0,0,0,2,2,0,58
17.0924,0,0,0,2,2,0,46
17.1422,0,0,0,2,2,0,40
17.1925,0,0,0,2,2,0,46
17.2424,0,0,0,2,2,0,49
17.2927,0,0,0,2,2,0,61
17.3421,0,0,0,2,2,0,49
17.3925,0,0,0,2,2,0,49
17.4427,0,0,0,2,2,0,40
17.4924,0,0,0,2,2,0,58
17.5422,0,0,0,2,2,0,49
17.5924,0,0,0,2,2,0,58
17.642,0,0,0,2,2,0,43
17.6921,0,0,0,2,2,0,43
17.7422,0,0,0,2,2,0,58
17.7925,0,0,0,2,2,0,46
17.8423,0,0,0,2,2,0,46
17.8929,0,0,0,2,2,0,49
17.9429,0,0,0,2,2,0,61
17.9924,0,0,0,2,2,0,52
18.0429,0,0,0,2,2,0,49
18.0926,0,0,0,2,2,0,58
18.1421,0,0,0,2,2,0,55
18.1925,0,0,0,2,2,0,52
18.2419,0,0,0,2,2,0,58
18.2925,0,0,0,2,2,0,52
18.3425,0,0,0,2,2,0,52
18.3931,0,0,0,2,2,0,61
18.4419,0,0,0,2,2,0,49
18.4923,0,0,0,2,2,0,58
18.5421,0,0,0,2,2,0,55
18.5924,0,0,0,2,2,0,58
18.6431,0,0,0,2,2,0,61
18.6924,0,0,0,2,2,0,61
18.7424,0,0,0,2,2,0,58
18.7921,0,0,0,2,2,0,55
18.8424,0,0,0,2,2,0,49
18.8922,0,0,0,2,2,0,52
18.9426,0,0,0,2,2,0,49
18.9927,0,0,0,2,2,0,58
19.0424,0,0,0,2,2,0,79
19.0924,0,0,0,2,2,0,58
19.1424,0,0,0,2,2,0,49
19.1924,0,0,0,2,2,0,49
19.2421,0,0,0,2,2,0,46
19.2921,0,0,0,2,2,0,46
19.3431,0,0,0,2,2,0,52
19.3925,0,0,0,2,2,0,55
19.4425,0,0,0,2,2,0,52
19.4924,0,0,0,2,2,0,58
19.5424,0,0,0,2,2,0,49
19.593,0,0,0,2,2,0,40
19.6424,0,0,0,2,2,0,58
19.6929,0,0,0,2,2,0,61
19.7421,0,0,0,2,2,0,58
19.7926,0,0,0,2,2,0,43
19.843,0,0,0,2,2,0,49
19.8924,0,0,0,2,2,0,46
19.9425,0,0,0,2,2,0,55
19.992,0,0,0,2,2,0,52
20.0423,0,0,0,2,2,0,55
20.0924,0,0,0,2,2,0,46
20.1424,0,0,0,2,2,0,70
20.1925,0,0,0,2,2,0,49
20.2431,0,0,0,2,2,0,61
20.2923,0,0,0,2,2,0,55
20.3425,0,0,0,2,2,0,70
20.3924,0,0,0,2,2,0,49
20.4422,0,0,0,2,2,0,55
20.4926,0,0,0,2,2,0,46
20.542,0,0,0,2,2,0,58
20.5924,0,0,0,2,2,0,58
20.6424,0,0,0,2,2,0,52
20.6928,0,0,0,2,2,0,49
20.7424,0,0,0,2,2,0,58
20.7921,0,0,0,2,2,0,58
20.842,0,0,0,2,2,0,55
20.8921,0,0,0,2,2,0,49
20.9427,0,0,0,2,2,0,46
20.9921,0,0,0,2,2,0,55
21.042,0,0,0,2,2,0,58
21.0925,0,0,0,2,2,0,49
21.1428,0,0,0,2,2,0,52
21.1924,0,0,0,2,2,0,52
21.2423,0,0,0,2,2,0,58
21.2923,0,0,0,2,2,0,46
21.3429,0,0,0,2,2,0,55
21.3923,0,0,0,2,2,0,37
21.4422,0,0,0,2,2,0,61
21.4924,0,0,0,2,2,0,55
21.5427,0,0,0,2,2,0,49
21.5924,0,0,0,2,2,0,43
21.6419,0,0,0,2,2,0,58
21.6926,0,0,0,2,2,0,46
21.7421,0,0,0,2,2,0,55
21.7921,0,0,0,2,2,0,46
21.8421,0,0,0,2,2,0,58
21.8918,0,0,0,2,2,0,52
21.9425,0,0,0,2,2,0,61
21.9924,0,0,0,2,2,0,49
22.0424,0,0,0,2,2,0,46
22.0925,0,0,0,2,2,0,52
22.1429,0,0,0,2,2,0,46
22.1919,0,0,0,2,2,0,49
22.2426,0,0,0,2,2,0,49
22.2923,0,0,0,2,2,0,58
22.3428,0,0,0,2,2,0,58
22.3921,0,0,0,2,2,0,46
22.4424,0,0,0,2,2,0,55
22.4924,0,0,0,2,2,0,52
22.5425,0,0,0,2,2,0,55
22.5928,0,0,0,2,2,0,55
22.6419,0,0,0,2,2,0,58
22.6921,0,0,0,2,2,0,52
22.7423,0,0,0,2,2,0,52
22.7919,0,0,0,2,2,0,61
22.8423,0,0,0,2,2,0,49
22.8921,0,0,0,2,2,0,46
22.9423,0,0,0,2,2,0,49
22.993,0,0,0,2,2,0,49
23.0424,0,0,0,2,2,0,58
23.0921,0,0,0,2,2,0,61
23.1422,0,0,0,2,2,0,70
23.1924,0,0,0,2,2,0,58
23.2424,0,0,0,2,2,0,58
23.2923,0,0,0,2,2,0,49
23.3421,0,0,0,2,2,0,58
23.3922,0,0,0,2,2,0,55
23.4419,0,0,0,2,2,0,58
23.4922,0,0,0,2,2,0,52
23.5432,0,0,0,2,2,0,55
23.5924,0,0,0,2,2,0,49
23.6423,0,0,0,2,2,0,55
23.6924,0,0,0,2,2,0,55
23.7423,0,0,0,2,2,0,58
23.7926,0,0,0,2,2,0,52
23.8427,0,0,0,2,2,0,37
23.8925,0,0,0,2,2,0,61
23.942,0,0,0,2,2,0,67
23.9922,0,0,0,2,2,0,49
24.0426,0,0,0,2,2,0,61
24.0926,0,0,0,2,2,0,43
24.1424,0,0,0,2,2,0,49
24.192,0,0,0,2,2,0,49
24.242,0,0,0,2,2,0,46
24.2918,0,0,0,2,2,0,58
24.342,0,0,0,2,2,0,55
24.3922,0,0,0,2,2,0,49
24.4429,0,0,0,2,2,0,55
24.4923,0,0,0,2,2,0,55
24.5431,0,0,0,2,2,0,37
24.5923,0,0,0,2,2,0,73
24.642,0,0,0,2,2,0,55
24.6918,0,0,0,2,2,0,52
24.742,0,0,0,2,2,0,49
24.7922,0,0,0,2,2,0,58
24.8422,0,0,0,2,2,0,58
24.892,0,0,0,2,2,0,52
24.9419,0,0,0,2,2,0,52
24.9919,0,0,0,2,2,0,58
25.0435,0,0,0,2,2,0,61
25.0929,0,0,0,2,2,0,49
25.1419,0,0,0,2,2,0,49
25.192,0,0,0,2,2,0,58
25.2419,0,0,0,2,2,0,40
25.2927,0,0,0,1,0,0,46
25.342,0,0,0,1,0,0,52
25.392,0,0,0,1,0,0,70
25.4424,0,0,0,1,0,0,52
25.4922,0,0,0,1,0,0,64
25.5434,0,0,0,1,0,0,49
25.5927,0,0,0,1,0,0,58
25.6425,0,0,0,1,0,0,58
25.6928,0,0,0,1,0,0,49
25.7422,0,0,0,1,0,0,49
25.7925,0,0,0,1,0,0,70
25.842,0,0,0,1,0,0,58
25.8924,0,0,0,1,0,0,46
25.942,0,0,0,1,0,0,55
25.9922,0,0,0,1,0,0,58
26.0423,0,0,0,1,0,0,55
26.0923,0,0,0,1,0,0,52
26.1424,0,0,0,1,0,0,49
26.193,0,0,0,1,0,0,46
26.2419,0,0,0,1,0,0,67
26.2924,0,0,0,1,0,0,52
26.342,0,0,0,1,0,0,55
26.3922,0,0,0,1,0,0,58
26.4426,0,0,0,1,0,0,46
26.4917,0,0,0,1,0,0,49
26.5423,0,0,0,1,0,0,49
26.5923,0,0,0,1,0,0,52
26.6417,0,0,0,1,0,0,49
26.6921,0,0,0,1,0,0,55
26.7427,0,0,0,1,0,0,55
26.7919,0,0,0,1,0,0,52
26.8424,0,0,0,1,0,0,55
26.8919,0,0,0,1,0,0,58
26.942,0,0,0,1,0,0,49
26.9924,0,0,0,1,0,0,55
27.0418,0,0,0,1,0,0,55
27.0925,0,0,0,1,0,0,46
27.143,0,0,0,1,0,0,55
27.1917,0,0,0,1,0,0,58
27.2422,0,0,0,1,0,0,64
27.2922,0,0,0,1,0,0,52
27.3424,0,0,0,1,0,0,49
27.392,0,0,0,1,0,0,52
27.4422,0,0,0,1,0,0,49
27.4924,0,0,0,1,0,0,49
27.5422,0,0,0,1,0,0,46
27.5921,0,0,0,1,0,0,58
27.6424,0,0,0,1,0,0,46
27.6925,0,0,0,1,0,0,58
27.7426,0,0,0,1,0,0,46
27.7925,0,0,0,1,0,0,58
27.8422,0,0,0,1,0,0,52
27.8928,0,0,0,1,0,0,58
27.9423,0,0,0,1,0,0,58
27.9925,0,0,0,1,0,0,46
28.0425,0,0,0,1,0,0,46
28.0925,0,0,0,1,0,0,58
28.1424,0,0,0,1,0,0,49
28.1924,0,0,0,1,0,0,58
28.2428,0,0,0,1,0,0,49
28.2922,0,0,0,1,0,0,55
28.3419,0,0,0,1,0,0,52
28.3922,0,0,0,1,0,0,49
28.4423,0,0,0,1,0,0,49
28.4924,0,0,0,1,0,0,46
28.5419,0,0,0,1,0,0,58
28.5919,0,0,0,1,0,0,25
28.642,0,0,0,1,0,0,49
28.6919,0,0,0,1,0,0,58
28.7418,0,0,0,1,0,0,70
28.792,0,0,0,1,0,0,49
28.8424,0,0,0,1,0,0,49
28.893,0,0,0,1,0,0,46
28.9419,0,0,0,1,0,0,49
28.9922,0,0,0,1,0,0,52
29.0424,0,0,0,1,0,0,46
29.0927,0,0,0,1,0,0,58
29.142,0,0,0,1,0,0,70
29.1922,0,0,0,1,0,0,55
29.2418,0,0,0,1,0,0,64
29.2922,0,0,0,1,0,0,55
29.3424,0,0,0,1,0,0,58
29.3925,0,0,0,1,0,0,49
29.4426,0,0,0,1,0,0,46
29.492,0,0,0,1,0,0,67
29.5423,0,0,0,1,0,0,58
29.5926,0,0,0,1,0,0,49
29.6427,0,0,0,1,0,0,58
29.6922,0,0,0,1,0,0,49
29.7422,0,0,0,1,0,0,46
29.7922,0,0,0,1,0,0,52
29.8422,0,0,0,1,0,0,58
29.8918,0,0,0,1,0,0,58
29.9422,0,0,0,1,0,0,46
29.9922,0,0,0,1,0,0,67
30.0423,0,0,0,1,0,0,58
30.0925,0,0,0,1,0,0,52
30.1421,0,0,0,1,0,0,49
30.1922,0,0,0,1,0,0,55
30.2422,0,0,0,1,0,0,58
30.2922,0,0,0,1,0,0,46
30.3428,0,0,0,1,0,0,46
30.3922,0,0,0,1,0,0,46
30.4422,0,0,0,1,0,0,52
30.4924,0,0,0,1,0,0,52
30.5422,0,0,0,1,0,0,58
30.5922,0,0,0,1,0,0,67
30.6418,0,0,0,1,0,0,52
30.6923,0,0,0,1,0,0,52
30.7423,0,0,0,1,0,0,58
30.7926,0,0,0,1,0,0,58
30.8418,0,0,0,1,0,0,70
30.892,0,0,0,1,0,0,55
30.9423,0,0,0,1,0,0,58
30.9916,0,0,0,1,0,0,46
31.0423,0,0,0,1,0,0,52
31.092,0,0,0,1,0,0,49
31.1422,0,0,0,1,0,0,49
31.1919,0,0,0,1,0,0,55
31.2421,0,0,0,1,0,0,58
31.2923,0,0,0,1,0,0,49
31.3421,0,0,0,1,0,0,49
31.3921,0,0,0,1,0,0,52
31.4417,0,0,0,1,0,0,58
31.4921,0,0,0,1,0,0,52
31.5419,0,0,0,1,0,0,55
31.5918,0,0,0,1,0,0,52
31.6419,0,0,0,1,0,0,58
31.6921,0,0,0,1,0,0,58
31.7431,0,0,0,1,0,0,55
31.7918,0,0,0,1,0,0,49
31.8418,0,0,0,1,0,0,52
31.8922,0,0,0,1,0,0,58
31.9418,0,0,0,1,0,0,52
31.9918,0,0,0,1,0,0,49
32.0429,0,0,0,1,0,0,58
32.0922,0,0,0,1,0,0,55
32.1419,0,0,0,1,0,0,58
32.1921,0,0,0,1,0,0,52
32.2418,0,0,0,1,0,0,55
32.2923,0,0,0,1,0,0,52
32.3422,0,0,0,1,0,0,55
32.3917,0,0,0,1,0,0,52
32.4425,0,0,0,1,0,0,58
32.4926,0,0,0,1,0,0,58
32.5422,0,0,0,1,0,0,49
32.5917,0,0,0,1,0,0,58
32.642,0,0,0,1,0,0,46
32.6925,0,0,0,1,0,0,58
32.7428,0,0,0,1,0,0,52
32.7916,0,0,0,1,0,0,49
32.8425,0,0,0,1,0,0,70
32.8922,0,0,0,1,0,0,49
32.9418,0,0,0,1,0,0,52
32.9924,0,0,0,1,0,0,46
33.0419,0,0,0,1,0,0,49
33.0918,0,0,0,1,0,0,46
33.1416,0,0,0,1,0,0,67
33.1916,0,0,0,1,0,0,46
33.2423,0,0,0,1,0,0,52
33.2922,0,0,0,1,0,0,58
33.3422,0,0,0,1,0,0,49
33.3919,0,0,0,1,0,0,52
33.4419,0,0,0,1,0,0,55
33.4918,0,0,0,1,0,0,55
33.5422,0,0,0,1,0,0,58
33.5922,0,0,0,1,0,0,46
33.6423,0,0,0,1,0,0,58
33.6922,0,0,0,1,0,0,58
33.7428,0,0,0,1,0,0,58
33.7929,0,0,0,1,0,0,49
33.8422,0,0,0,1,0,0,49
33.8924,0,0,0,1,0,0,67
33.9421,0,0,0,1,0,0,49
33.9921,0,0,0,1,0,0,55
34.0423,0,0,0,1,0,0,49
34.0923,0,0,0,1,0,0,58
34.1426,0,0,0,1,0,0,58
34.1928,0,0,0,1,0,0,46
34.2421,0,0,0,1,0,0,49
34.2927,0,0,0,1,0,0,52
34.3428,0,0,0,1,0,0,67
34.3917,0,0,0,1,0,0,58
34.4424,0,0,0,1,0,0,52
34.492,0,0,0,1,0,0,49
34.5423,0,0,0,1,0,0,58
34.5921,0,0,0,1,0,0,55
34.6419,0,0,0,1,0,0,58
34.6922,0,0,0,1,0,0,58
34.7422,0,0,0,1,0,0,49
34.7922,0,0,0,1,0,0,52
34.8417,0,0,0,1,0,0,49
34.8921,0,0,0,1,0,0,46
34.9416,0,0,0,1,0,0,58
34.9925,0,0,0,1,0,0,49
35.0422,0,0,0,1,0,0,46
35.0914,0,0,0,1,0,0,46
35.1419,0,0,0,1,0,0,52
35.1922,0,0,0,1,0,0,58
35.2422,0,0,0,1,0,0,58
35.2918,0,0,0,1,0,0,49
35.3421,0,0,0,1,0,0,52
35.3921,0,0,0,1,0,0,49
35.4419,0,0,0,1,0,0,46
35.4917,0,0,0,1,0,0,52
35.5418,0,0,0,1,0,0,58
35.5917,0,0,0,1,0,0,52
35.6421,0,0,0,1,0,0,58
35.6922,0,0,0,1,0,0,49
35.7422,0,0,0,1,0,0,52
35.7925,0,0,0,1,0,0,58
35.8425,0,0,0,1,0,0,61
35.8922,0,0,0,1,0,0,46
35.9418,0,0,0,1,0,0,58
35.9921,0,0,0,1,0,0,58
36.0425,0,0,0,1,0,0,49
36.0921,0,0,0,1,0,0,52
36.1421,0,0,0,1,0,0,43
36.1921,0,0,0,1,0,0,55
36.2421,0,0,0,1,0,0,58
36.2922,0,0,0,1,0,0,58
36.3426,0,0,0,1,0,0,55
36.3927,0,0,0,1,0,0,55
36.4423,0,0,0,1,0,0,52
36.4916,0,0,0,1,0,0,58
36.5418,0,0,0,1,0,0,49
36.5919,0,0,0,1,0,0,67
36.6423,0,0,0,1,0,0,46
36.6922,0,0,0,1,0,0,49
36.7418,0,0,0,1,0,0,49
36.7916,0,0,0,1,0,0,46
36.8424,0,0,0,1,0,0,58
36.8916,0,0,0,1,0,0,58
36.9422,0,0,0,1,0,0,52
36.9915,0,0,0,1,0,0,58
37.0421,0,0,0,1,0,0,58
37.0916,0,0,0,1,0,0,52
37.1423,0,0,0,1,0,0,67
37.1918,0,0,0,1,0,0,52
37.2415,0,0,0,1,0,0,58
37.2921,0,0,0,1,0,0,67
37.3417,0,0,0,1,0,0,46
37.3916,0,0,0,1,0,0,58
37.4422,0,0,0,1,0,0,46
37.4916,0,0,0,1,0,0,49
37.5427,0,0,0,1,0,0,67
37.5924,0,0,0,1,0,0,49
37.6422,0,0,0,1,0,0,49
37.692,0,0,0,1,0,0,58
37.7417,0,0,0,1,0,0,55
37.7916,0,0,0,1,0,0,49
37.8417,0,0,0,1,0,0,58
37.8921,0,0,0,1,0,0,58
37.9422,0,0,0,1,0,0,52
37.9921,0,0,0,1,0,0,58
38.0418,0,0,0,1,0,0,52
38.0921,0,0,0,1,0,0,46
38.1415,0,0,0,1,0,0,49
38.192,0,0,0,1,0,0,49
38.2415,0,0,0,1,0,0,58
38.2925,0,0,0,1,0,0,58
38.3418,0,0,0,1,0,0,49
38.392,0,0,0,1,0,0,52
38.4428,0,0,0,1,0,0,58
38.4917,0,0,0,1,0,0,52
38.5422,0,0,0,1,0,0,64
38.5915,0,0,0,1,0,0,49
38.6425,0,0,0,1,0,0,46
38.6924,0,0,0,1,0,0,52
38.7423,0,0,0,1,0,0,46
38.7921,0,0,0,1,0,0,67
38.8421,0,0,0,1,0,0,58
38.892,0,0,0,1,0,0,58
38.9421,0,0,0,1,0,0,49
38.992,0,0,0,1,0,0,49
39.042,0,0,0,1,0,0,58
39.0921,0,0,0,1,0,0,58
39.1421,0,0,0,1,0,0,58
39.1917,0,0,0,1,0,0,52
39.2418,0,0,0,1,0,0,52
39.2917,0,0,0,1,0,0,52
39.3421,0,0,0,1,0,0,58
39.392,0,0,0,1,0,0,52
39.4415,0,0,0,1,0,0,70
39.492,0,0,0,1,0,0,55
39.5423,0,0,0,1,0,0,49
39.5918,0,0,0,1,0,0,52
39.642,0,0,0,1,0,0,49
39.6924,0,0,0,1,0,0,49
39.742,0,0,0,1,0,0,58
39.7921,0,0,0,1,0,0,52
39.8415,0,0,0,1,0,0,46
39.8918,0,0,0,1,0,0,58
39.9422,0,0,0,1,0,0,52
39.9915,0,0,0,1,0,0,58
40.0418,0,0,0,1,0,0,58
40.0926,0,0,0,1,0,0,52
40.1422,0,0,0,1,0,0,49
40.1924,0,0,0,1,0,0,61
40.2419,0,0,0,1,0,0,46
40.292,0,0,0,1,0,0,58
40.3418,0,0,0,1,0,0,49
40.3921,0,0,0,1,0,0,55
40.4421,0,0,0,1,0,0,43
40.4918,0,0,0,1,0,0,52
40.5421,0,0,0,1,0,0,58
40.592,0,0,0,2,0,0,58
40.642,0,0,0,2,2,0,52
40.6918,0,0,0,2,2,0,55
40.7419,0,0,0,2,2,0,49
40.792,0,0,0,2,2,0,43
40.8421,0,0,0,2,2,0,43
40.8921,0,0,0,2,2,0,52
40.942,0,0,0,2,2,0,49
40.9915,0,0,0,2,2,0,61
41.0421,0,0,0,2,2,0,49
41.092,0,0,0,2,2,0,49
41.1421,0,0,0,2,2,0,58
41.192,0,0,0,2,2,0,55
41.242,0,0,0,2,2,0,49
41.292,0,0,0,2,2,0,58
41.3419,0,0,0,2,2,0,64
41.3926,0,0,0,2,2,0,49
41.442,0,0,0,2,2,0,49
41.492,0,0,0,2,2,0,49
41.5421,0,0,0,2,2,0,49
41.5919,0,0,0,2,2,0,55
41.6415,0,0,0,2,2,0,40
41.6921,0,0,0,2,2,0,58
41.742,0,0,0,2,2,0,55
41.7927,0,0,0,2,2,0,58
41.8422,0,0,0,2,2,0,58
41.892,0,0,0,2,2,0,58
41.9425,0,0,0,2,2,0,58
41.992,0,0,0,2,2,0,55
42.0425,0,0,0,2,2,0,46
42.0924,0,0,0,2,2,0,61
42.1422,0,0,0,2,2,0,55
42.192,0,0,0,2,2,0,61
42.2426,0,0,0,2,2,0,49
42.2916,0,0,0,2,2,0,49
42.3417,0,0,0,2,2,0,46
42.3922,0,0,0,2,2,0,40
42.4416,0,0,0,2,2,0,58
42.492,0,0,0,2,2,0,55
42.5426,0,0,0,2,2,0,46
42.5924,0,0,0,2,2,0,52
42.6419,0,0,0,2,2,0,58
42.6915,0,0,0,2,2,0,58
42.7422,0,0,0,2,2,0,49
42.7917,0,0,0,2,2,0,58
42.8421,0,0,0,2,2,0,49
42.892,0,0,0,2,2,0,64
42.9426,0,0,0,2,2,0,49
42.9922,0,0,0,2,2,0,49
43.0422,0,0,0,2,2,0,52
43.0922,0,0,0,2,2,0,58
43.142,0,0,0,2,2,0,58
43.1923,0,0,0,2,2,0,58
43.242,0,0,0,2,2,0,58
43.2921,0,0,0,2,2,0,82
43.342,0,0,0,2,2,0,58
43.392,0,0,0,2,2,0,64
43.442,0,0,0,2,2,0,46
43.4924,0,0,0,2,2,0,52
43.5424,0,0,0,2,2,0,58
43.5919,0,0,0,2,2,0,49
43.6422,0,0,0,2,2,0,49
43.6923,0,0,0,2,2,0,49
43.742,0,0,0,2,2,0,55
43.7926,0,0,0,2,2,0,49
43.842,0,0,0,2,2,0,49
43.8923,0,0,0,2,2,0,58
43.9422,0,0,0,2,2,0,52
43.9921,0,0,0,2,2,0,37
44.0422,0,0,0,2,2,0,67
44.092,0,0,0,2,2,0,40
44.142,0,0,0,2,2,0,58
44.192,0,0,0,2,2,0,49
44.2426,0,0,0,2,2,0,55
44.2919,0,0,0,2,2,0,67
44.3419,0,0,0,2,2,0,40
44.392,0,0,0,2,2,0,67
44.4419,0,0,0,2,2,0,46
44.4917,0,0,0,2,2,0,58
44.542,0,0,0,2,2,0,43
44.592,0,0,0,2,2,0,49
44.642,0,0,0,2,2,0,46
44.6917,0,0,0,2,2,0,43
44.742,0,0,0,2,2,0,58
44.7919,0,0,0,2,2,0,49
44.8419,0,0,0,2,2,0,55
44.892,0,0,0,2,2,0,43
44.9421,0,0,0,2,2,0,55
44.9925,0,0,0,2,2,0,52
45.0415,0,0,0,2,2,0,43
45.0917,0,0,0,2,2,0,49
45.1422,0,0,0,2,2,0,52
45.1916,0,0,0,2,2,0,70
45.2419,0,0,0,2,2,0,58
45.2918,0,0,0,2,2,0,55
45.3419,0,0,0,2,2,0,52
45.392,0,0,0,2,2,0,52
45.4421,0,0,0,2,2,0,55
45.4923,0,0,0,2,2,0,61
45.5418,0,0,0,2,2,0,43
45.5917,0,0,0,2,2,0,52
45.6419,0,0,0,2,2,0,52
45.6919,0,0,0,2,2,0,49
45.742,0,0,0,2,2,0,58
45.792,0,0,0,2,2,0,52
45.8425,0,0,0,2,2,0,55
45.8928,0,0,0,2,2,0,58
45.9417,0,0,0,2,2,0,49
45.9918,0,0,0,2,2,0,49
46.0414,0,0,0,2,2,0,52
46.0921,0,0,0,2,2,0,52
46.1415,0,0,0,2,2,0,52
46.1925,0,0,0,2,2,0,46
46.2419,0,0,0,2,2,0,58
46.2917,0,0,0,2,2,0,55
46.3419,0,0,0,2,2,0,58
46.392,0,0,0,2,2,0,64
46.4413,0,0,0,2,2,0,46
46.4914,0,0,0,2,2,0,52
46.5419,0,0,0,2,2,0,34
46.5918,0,0,0,2,2,0,58
46.6423,0,0,0,2,2,0,73
46.6921,0,0,0,2,2,0,55
46.7419,0,0,0,2,2,0,55
46.7919,0,0,0,2,2,0,49
46.842,0,0,0,2,2,0,58
46.8921,0,0,0,2,2,0,55
46.942,0,0,0,2,2,0,58
46.9922,0,0,0,2,2,0,52
47.0421,0,0,0,2,2,0,52
47.0925,0,0,0,2,2,0,52
47.1423,0,0,0,2,2,0,64
47.1919,0,0,0,2,2,0,49
47.2421,0,0,0,2,2,0,58
47.2921,0,0,0,2,2,0,58
47.3423,0,0,0,2,2,0,52
47.392,0,0,0,2,2,0,61
47.4415,0,0,0,2,2,0,64
47.4919,0,0,0,2,2,0,61
47.5425,0,0,0,2,2,0,37
47.5914,0,0,0,2,2,0,58
47.6419,0,0,0,2,2,0,49
47.6914,0,0,0,2,2,0,52
47.742,0,0,0,2,2,0,43
47.7925,0,0,0,2,2,0,55
47.8422,0,0,0,2,2,0,55
47.8918,0,0,0,2,2,0,55
47.942,0,0,0,2,2,0,55
47.9924,0,0,0,2,2,0,58
48.0422,0,0,0,2,2,0,58
48.0919,0,0,0,2,2,0,61
48.1416,0,0,0,2,2,0,55
48.1919,0,0,0,2,2,0,49
48.242,0,0,0,2,2,0,58
48.2921,0,0,0,2,2,0,46
48.3414,0,0,0,2,2,0,55
48.3916,0,0,0,2,2,0,52
48.4419,0,0,0,2,2,0,58
48.4916,0,0,0,2,2,0,46
48.5419,0,0,0,2,2,0,61
48.5919,0,0,0,2,2,0,58
48.6418,0,0,0,2,2,0,58
48.6919,0,0,0,2,2,0,58
48.7422,0,0,0,2,2,0,49
48.7914,0,0,0,2,2,0,58
48.8416,0,0,0,2,2,0,61
48.8921,0,0,0,2,2,0,55
48.9421,0,0,0,2,2,0,67
48.9923,0,0,0,2,2,0,58
49.0424,0,0,0,2,2,0,58
49.0922,0,0,0,2,2,0,61
49.1425,0,0,0,2,2,0,55
49.1916,0,0,0,2,2,0,61
49.2427,0,0,0,2,2,0,58
49.2921,0,0,0,2,2,0,49
49.3419,0,0,0,2,2,0,58
49.3914,0,0,0,2,2,0,37
49.4422,0,0,0,2,2,0,49
49.4921,0,0,0,2,2,0,43
49.5418,0,0,0,2,2,0,46
49.5919,0,0,0,2,2,0,43
49.6418,0,0,0,2,2,0,58
49.6918,0,0,0,2,2,0,46
49.7426,0,0,0,2,2,0,37
49.7916,0,0,0,2,2,0,58
49.8414,0,0,0,2,2,0,64
49.8919,0,0,0,2,2,0,55
49.9419,0,0,0,2,2,0,52
49.9915,0,0,0,2,2,0,61
50.0425,0,0,0,2,2,0,40
50.0926,0,0,0,2,2,0,43
50.1419,0,0,0,2,2,0,49
50.1922,0,0,0,2,2,0,43
50.242,0,0,0,2,2,0,67
50.2919,0,0,0,2,2,0,67
50.3423,0,0,0,2,2,0,49
50.3918,0,0,0,2,2,0,55
50.4416,0,0,0,2,2,0,55
50.4918,0,0,0,2,2,0,58
50.5416,0,0,0,2,2,0,64
50.5918,0,0,0,2,2,0,61
50.6418,0,0,0,2,2,0,58
50.6919,0,0,0,2,2,0,58
50.7419,0,0,0,2,2,0,58
50.7918,0,0,0,2,2,0,52
50.8418,0,0,0,2,2,0,43
50.8918,0,0,0,2,2,0,55
50.9422,0,0,0,2,2,0,58
50.9913,0,0,0,2,2,0,61
51.0421,0,0,0,2,2,0,58
51.0916,0,0,0,2,2,0,49
51.1417,0,0,0,2,2,0,70
51.1916,0,0,0,2,2,0,61
51.242,0,0,0,2,2,0,55
51.2913,0,0,0,2,2,0,61
51.3415,0,0,0,2,2,0,52
51.3913,0,0,0,2,2,0,49
51.4421,0,0,0,2,2,0,49
51.4916,0,0,0,2,2,0,58
51.5414,0,0,0,2,2,0,70
51.5918,0,0,0,2,2,0,49
51.6419,0,0,0,2,2,0,55
51.692,0,0,0,2,2,0,52
51.7418,0,0,0,2,2,0,43
51.7918,0,0,0,2,2,0,49
51.8414,0,0,0,2,2,0,46
51.8918,0,0,0,2,2,0,58
51.9416,0,0,0,2,2,0,58
51.9925,0,0,0,2,2,0,49
52.0418,0,0,0,2,2,0,49
52.0917,0,0,0,2,2,0,40
52.1418,0,0,0,2,2,0,49
52.1922,0,0,0,2,2,0,55
52.2418,0,0,0,2,2,0,55
52.2919,0,0,0,2,2,0,49
52.3424,0,0,0,2,2,0,52
52.3918,0,0,0,2,2,0,58
52.4415,0,0,0,2,2,0,52
52.4913,0,0,0,2,2,0,49
52.5423,0,0,0,2,2,0,46
52.5916,0,0,0,2,2,0,43
52.6418,0,0,0,2,2,0,70
52.6913,0,0,0,2,2,0,58
52.7418,0,0,0,2,2,0,58
52.7918,0,0,0,2,2,0,70
52.842,0,0,0,2,2,0,49
52.892,0,0,0,2,2,0,82
52.9418,0,0,0,2,2,0,55
52.9918,0,0,0,2,2,0,55
53.0418,0,0,0,2,2,0,40
53.092,0,0,0,2,2,0,70
53.1418,0,0,0,2,2,0,58
53.1918,0,0,0,2,2,0,70
53.2418,0,0,0,2,2,0,67
53.292,0,0,0,2,2,0,58
53.342,0,0,0,2,2,0,49
53.3917,0,0,0,2,2,0,40
53.4417,0,0,0,2,2,0,58
53.4918,0,0,0,2,2,0,70
53.5418,0,0,0,2,2,0,49
53.5921,0,0,0,2,2,0,49
53.6418,0,0,0,2,2,0,43
53.692,0,0,0,2,2,0,49
53.7418,0,0,0,2,2,0,49
53.7922,0,0,0,2,2,0,55
53.8417,0,0,0,2,2,0,61
53.8927,0,0,0,2,2,0,61
53.9418,0,0,0,2,2,0,58
53.9917,0,0,0,2,2,0,67
54.0417,0,0,0,2,2,0,49
54.0917,0,0,0,2,2,0,49
54.1424,0,0,0,2,2,0,58
54.1918,0,0,0,2,2,0,46
54.2418,0,0,0,2,2,0,52
54.2913,0,0,0,2,2,0,52
54.3415,0,0,0,2,2,0,52
54.3915,0,0,0,2,2,0,43
54.4418,0,0,0,2,2,0,55
54.4918,0,0,0,2,2,0,52
54.5417,0,0,0,2,2,0,58
54.5917,0,0,0,2,2,0,52
54.6417,0,0,0,2,2,0,49
54.6918,0,0,0,2,2,0,49
54.7419,0,0,0,2,2,0,52
54.7918,0,0,0,2,2,0,49
54.8418,0,0,0,2,2,0,58
54.8918,0,0,0,2,2,0,43
54.9421,0,0,0,2,2,0,58
54.9924,0,0,0,2,2,0,70
55.0419,0,0,0,2,2,0,49
55.092,0,0,0,2,2,0,40
55.1418,0,0,0,2,2,0,46
55.1917,0,0,0,2,2,0,40
55.2424,0,0,0,2,2,0,64
55.2924,0,0,0,2,2,0,55
55.3417,0,0,0,2,2,0,52
55.3917,0,0,0,2,2,0,55
55.4422,0,0,0,2,2,0,34
55.4919,0,0,0,2,2,0,52
55.5418,0,0,0,2,2,0,58
55.5917,0,0,0,2,2,0,49
55.6418,0,0,0,2,2,0,49
55.6919,0,0,0,2,2,0,46
55.742,0,0,0,2,2,0,61
55.792,0,0,0,2,2,0,46
55.8417,0,0,0,2,2,0,55
55.8923,0,0,0,2,2,0,49
55.9418,0,0,0,2,2,0,52
55.9919,0,0,0,2,2,0,58
56.0416,0,0,0,2,2,0,52
56.0917,0,0,0,2,2,0,52
56.1423,0,0,0,2,2,0,46
56.1919,0,0,0,2,2,0,55
56.2419,0,0,0,2,2,0,67
56.2912,0,0,0,2,2,0,58
56.3419,0,0,0,2,2,0,46
56.3912,0,0,0,2,2,0,58
56.442,0,0,0,2,2,0,46
56.4912,0,0,0,2,2,0,52
56.542,0,0,0,2,2,0,37
56.5922,0,0,0,2,2,0,52
56.6419,0,0,0,2,2,0,49
56.6917,0,0,0,2,2,0,46
56.7412,0,0,0,2,2,0,52
56.7917,0,0,0,2,2,0,55
56.8414,0,0,0,2,2,0,52
56.8917,0,0,0,2,2,0,49
56.942,0,0,0,2,2,0,43
56.9917,0,0,0,2,2,0,55
57.0415,0,0,0,2,2,0,46
57.0912,0,0,0,2,2,0,64
57.1415,0,0,0,2,2,0,58
57.1917,0,0,0,2,2,0,58
57.2412,0,0,0,2,2,0,64
57.2921,0,0,0,2,2,0,70
57.3417,0,0,0,2,2,0,52
57.3924,0,0,0,2,2,0,49
57.4418,0,0,0,2,2,0,55
57.4924,0,0,0,2,2,0,61
57.5421,0,0,0,2,2,0,52
57.5916,0,0,0,2,2,0,58
57.6418,0,0,0,2,2,0,58
57.6918,0,0,0,2,2,0,58
57.7417,0,0,0,2,2,0,58
57.792,0,0,0,2,2,0,82
57.8419,0,0,0,2,2,0,46
57.8915,0,0,0,2,2,0,55
57.9416,0,0,0,2,2,0,43
57.9919,0,0,0,2,2,0,49
58.0413,0,0,0,2,2,0,52
58.0913,0,0,0,2,2,0,46
58.1419,0,0,0,2,2,0,58
58.1923,0,0,0,2,2,0,37
58.2418,0,0,0,2,2,0,58
58.2913,0,0,0,2,2,0,79
58.3417,0,0,0,2,2,0,49
58.3919,0,0,0,2,2,0,46
58.4416,0,0,0,2,2,0,46
58.4917,0,0,0,2,2,0,58
58.5415,0,0,0,2,2,0,49
58.5914,0,0,0,2,2,0,61
58.6419,0,0,0,2,2,0,40
58.6917,0,0,0,2,2,0,55
58.7417,0,0,0,2,2,0,61
58.7915,0,0,0,2,2,0,70
58.8412,0,0,0,2,2,0,70
58.8919,0,0,0,2,2,0,58
58.9417,0,0,0,2,2,0,58
58.9917,0,0,0,2,2,0,61
59.0425,0,0,0,2,2,0,79
59.0917,0,0,0,2,2,0,61
59.1414,0,0,0,2,2,0,52
59.1912,0,0,0,2,2,0,49
59.2418,0,0,0,2,2,0,55
59.2923,0,0,0,2,2,0,49
59.342,0,0,0,2,2,0,58
59.3917,0,0,0,2,2,0,58
59.4413,0,0,0,2,2,0,61
59.4917,0,0,0,2,2,0,67
59.5421,0,0,0,2,2,0,46
59.5921,0,0,0,2,2,0,40
59.6417,0,0,0,2,2,0,58
59.6917,0,0,0,2,2,0,58
59.7423,0,0,0,2,2,0,58
59.7914,0,0,0,2,2,0,46
59.8417,0,0,0,2,2,0,49
59.8919,0,0,0,2,2,0,52
59.9414,0,0,0,2,2,0,49
59.9917,0,0,0,2,2,0,49
60.0418,0,0,0,2,2,0,55
60.0912,0,0,0,2,2,0,37
60.1412,0,0,0,2,2,0,46
60.1914,0,0,0,2,2,0,43
60.2414,0,0,0,2,2,0,52
60.2911,0,0,0,2,2,0,46
60.3416,0,0,0,2,2,0,58
60.3923,0,0,0,2,2,0,52
60.4417,0,0,0,2,2,0,52
60.4919,0,0,0,2,2,0,55
60.5417,0,0,0,2,2,0,49
60.5912,0,0,0,2,2,0,58
60.6417,0,0,0,2,2,0,58
60.6917,0,0,0,2,2,0,52
60.7423,0,0,0,2,2,0,46
60.7918,0,0,0,2,2,0,49
60.8417,0,0,0,2,2,0,52
60.8923,0,0,0,2,2,0,49
60.9417,0,0,0,2,2,0,52
60.9917,0,0,0,2,2,0,55
61.0416,0,0,0,2,2,0,43
61.0916,0,0,0,2,2,0,49
61.1419,0,0,0,2,2,0,40
61.1918,0,0,0,2,2,0,37
61.2417,0,0,0,2,2,0,58
61.2917,0,0,0,2,2,0,58
61.3417,0,0,0,2,2,0,49
61.3916,0,0,0,2,2,0,46
61.4423,0,0,0,2,2,0,58
61.4917,0,0,0,2,2,0,52
61.5417,0,0,0,2,2,0,46
61.5913,0,0,0,2,2,0,55
61.6415,0,0,0,2,2,0,55
61.6917,0,0,0,2,2,0,49
61.7418,0,0,0,2,2,0,52
61.7916,0,0,0,2,2,0,58
61.8416,0,0,0,2,2,0,52
61.8917,0,0,0,2,2,0,49
61.9422,0,0,0,2,2,0,49
61.9912,0,0,0,2,2,0,49
62.0415,0,0,0,2,2,0,49
62.0919,0,0,0,2,2,0,52
62.1426,0,0,0,2,2,0,55
62.1918,0,0,0,2,2,0,15
62.2416,0,0,0,2,2,0,55
62.2926,0,0,0,2,2,0,58
62.3419,0,0,0,2,2,0,58
62.3918,0,0,0,2,2,0,55
62.4411,0,0,0,2,2,0,70
62.4913,0,0,0,2,2,0,67
62.5413,0,0,0,2,2,0,49
62.5926,0,0,0,2,2,0,67
62.6419,0,0,0,2,2,0,61
62.6916,0,0,0,2,2,0,52
62.7418,0,0,0,2,2,0,58
62.7917,0,0,0,2,2,0,52
62.8416,0,0,0,2,2,0,55
62.8916,0,0,0,2,2,0,58
62.9414,0,0,0,2,2,0,61
62.9916,0,0,0,2,2,0,46
63.0411,0,0,0,2,2,0,49
63.092,0,0,0,2,2,0,55
63.1416,0,0,0,2,2,0,49
63.1916,0,0,0,2,2,0,49
63.2413,0,0,0,2,2,0,43
63.2915,0,0,0,2,2,0,49
63.3416,0,0,0,2,2,0,58
63.3916,0,0,0,2,2,0,52
63.4417,0,0,0,2,2,0,58
63.491,0,0,0,2,2,0,52
63.5422,0,0,0,2,2,0,46
63.5916,0,0,0,2,2,0,55
63.6415,0,0,0,2,2,0,55
63.6917,0,0,0,2,2,0,55
63.7417,0,0,0,2,2,0,58
63.7917,0,0,0,2,2,0,55
63.8415,0,0,0,2,2,0,49
63.8911,0,0,0,2,2,0,31
63.942,0,0,0,2,2,0,55
63.9911,0,0,0,2,2,0,49
64.0419,0,0,0,2,2,0,55
64.0922,0,0,0,2,2,0,52
64.1417,0,0,0,2,2,0,58
64.1917,0,0,0,2,2,0,61
64.2418,0,0,0,2,2,0,43
64.2922,0,0,0,2,2,0,49
64.3412,0,0,0,2,2,0,46
64.3911,0,0,0,2,2,0,64
64.4418,0,0,0,2,2,0,58
64.4915,0,0,0,2,2,0,49
64.5416,0,0,0,2,2,0,61
64.5913,0,0,0,2,2,0,82
64.6416,0,0,0,2,2,0,49
64.6916,0,0,0,2,2,0,58
64.7412,0,0,0,2,2,0,58
64.7917,0,0,0,2,2,0,55
64.8416,0,0,0,2,2,0,64
64.8913,0,0,0,2,2,0,58
64.9417,0,0,0,2,2,0,49
64.9915,0,0,0,2,2,0,52
65.0412,0,0,0,2,2,0,58
65.0917,0,0,0,2,2,0,52
65.1413,0,0,0,2,2,0,49
65.1919,0,0,0,2,2,0,49
65.2429,0,0,0,2,2,0,43
65.2915,0,0,0,2,2,0,46
65.3416,0,0,0,2,2,0,58
65.3918,0,0,0,2,2,0,49
65.4416,0,0,0,2,2,0,46
65.4918,0,0,0,2,2,0,49
65.5413,0,0,0,2,2,0,61
65.5916,0,0,0,2,2,0,49
65.6417,0,0,0,2,2,0,55
65.6916,0,0,0,2,2,0,49
65.7421,0,0,0,2,2,0,52
65.7916,0,0,0,2,2,0,55
65.8417,0,0,0,2,2,0,37
65.8918,0,0,0,2,2,0,40
65.9416,0,0,0,2,2,0,58
65.9917,0,0,0,2,2,0,58
66.0416,0,0,0,2,2,0,70
66.0916,0,0,0,2,2,0,43
66.1412,0,0,0,2,2,0,49
66.1916,0,0,0,2,2,0,55
66.2412,0,0,0,2,2,0,58
66.2916,0,0,0,2,2,0,52
66.3414,0,0,0,2,2,0,55
66.3918,0,0,0,2,2,0,43
66.4416,0,0,0,2,2,0,58
66.4913,0,0,0,2,2,0,64
66.5415,0,0,0,2,2,0,46
66.5916,0,0,0,2,2,0,40
66.6418,0,0,0,2,2,0,52
66.6916,0,0,0,2,2,0,64
66.7422,0,0,0,2,2,0,49
66.7916,0,0,0,2,2,0,49
66.8416,0,0,0,2,2,0,61
66.8918,0,0,0,2,2,0,52
66.9418,0,0,0,2,2,0,58
66.9915,0,0,0,2,2,0,52
67.0411,0,0,0,2,2,0,52
67.0911,0,0,0,2,2,0,49
67.1413,0,0,0,2,2,0,55
67.1915,0,0,0,2,2,0,55
67.2418,0,0,0,2,2,0,58
67.2911,0,0,0,2,2,0,58
67.3417,0,0,0,2,2,0,55
67.3922,0,0,0,2,2,0,58
67.4416,0,0,0,2,2,0,52
67.4916,0,0,0,2,2,0,55
67.5415,0,0,0,2,2,0,28
67.5921,0,0,0,2,2,0,49
67.6415,0,0,0,2,2,0,52
67.6917,0,0,0,2,2,0,67
67.7422,0,0,0,2,2,0,52
67.7922,0,0,0,2,2,0,55
67.8417,0,0,0,2,2,0,37
67.8916,0,0,0,2,2,0,49
67.9416,0,0,0,2,2,0,58
67.9915,0,0,0,2,2,0,58
68.0422,0,0,0,2,2,0,55
68.0919,0,0,0,2,2,0,58
68.1411,0,0,0,2,2,0,43
68.1922,0,0,0,2,2,0,37
68.2418,0,0,0,2,2,0,52
68.2915,0,0,0,2,2,0,58
68.3419,0,0,0,2,2,0,55
68.3917,0,0,0,2,2,0,55
68.4417,0,0,0,2,2,0,49
68.4917,0,0,0,2,2,0,52
68.5416,0,0,0,2,2,0,58
68.5916,0,0,0,2,2,0,52
68.6416,0,0,0,2,2,0,49
68.6912,0,0,0,2,2,0,49
68.7416,0,0,0,2,2,0,49
68.7917,0,0,0,2,2,0,46
68.8416,0,0,0,2,2,0,49
68.8915,0,0,0,2,2,0,49
68.9413,0,0,0,2,2,0,49
68.9915,0,0,0,2,2,0,55
69.0413,0,0,0,2,2,0,49
69.0917,0,0,0,2,2,0,49
69.1412,0,0,0,2,2,0,49
69.1916,0,0,0,2,2,0,49
69.2416,0,0,0,2,2,0,55
69.2918,0,0,0,2,2,0,58
69.3417,0,0,0,2,2,0,52
69.3912,0,0,0,2,2,0,52
69.4412,0,0,0,2,2,0,46
69.4913,0,0,0,2,2,0,49
69.5411,0,0,0,2,2,0,55
69.5918,0,0,0,2,2,0,55
69.6416,0,0,0,2,2,0,52
69.6915,0,0,0,2,2,0,43
69.7412,0,0,0,2,2,0,58
69.7915,0,0,0,2,2,0,46
69.8418,0,0,0,2,2,0,55
69.8915,0,0,0,2,2,0,58
69.9418,0,0,0,2,2,0,46
69.9916,0,0,0,2,2,0,58
70.0415,0,0,0,2,2,0,49
70.0912,0,0,0,2,2,0,58
70.1415,0,0,0,2,2,0,52
70.1914,0,0,0,2,2,0,49
70.2416,0,0,0,2,2,0,52
70.2915,0,0,0,2,2,0,52
70.3418,0,0,0,2,2,0,49
70.3915,0,0,0,2,2,0,61
70.442,0,0,0,2,2,0,55
70.4915,0,0,0,2,2,0,67
70.5421,0,0,0,2,2,0,46
70.5912,0,0,0,2,2,0,52
70.6416,0,0,0,2,2,0,64
70.6914,0,0,0,2,2,0,58
70.7419,0,0,0,2,2,0,49
70.7916,0,0,0,2,2,0,55
70.8415,0,0,0,2,2,0,58
70.8921,0,0,0,2,2,0,67
70.942,0,0,0,2,2,0,58
70.9912,0,0,0,2,2,0,49
71.0415,0,0,0,2,2,0,58
71.0919,0,0,0,2,2,0,58
71.1415,0,0,0,2,2,0,46
71.1919,0,0,0,2,2,0,61
71.2415,0,0,0,2,2,0,49
71.2915,0,0,0,2,2,0,49
71.3417,0,0,0,2,2,0,52
71.3914,0,0,0,2,2,0,49
71.4418,0,0,0,2,2,0,52
71.4913,0,0,0,2,2,0,52
71.5415,0,0,0,2,2,0,61
71.591,0,0,0,2,2,0,49
71.6415,0,0,0,2,2,0,43
71.6921,0,0,0,2,2,0,52
71.7421,0,0,0,2,2,0,55
71.7915,0,0,0,2,2,0,49
71.8415,0,0,0,2,2,0,37
71.8921,0,0,0,2,2,0,58
71.9416,0,0,0,2,2,0,55
71.991,0,0,0,2,2,0,49
72.0412,0,0,0,2,2,0,46
72.0909,0,0,0,2,2,0,52
72.1412,0,0,0,2,2,0,46
72.1915,0,0,0,2,2,0,55
72.2415,0,0,0,2,2,0,58
72.2914,0,0,0,2,2,0,58
72.3412,0,0,0,2,2,0,49
72.3915,0,0,0,2,2,0,58
72.4415,0,0,0,2,2,0,55
72.4915,0,0,0,2,2,0,46
72.5416,0,0,0,2,2,0,49
72.5909,0,0,0,2,2,0,49
72.6415,0,0,0,2,2,0,46
72.6915,0,0,0,2,2,0,52
72.741,0,0,0,2,2,0,58
72.7915,0,0,0,2,2,0,52
72.8416,0,0,0,2,2,0,58
72.891,0,0,0,2,2,0,49
72.9415,0,0,0,2,2,0,46
72.9915,0,0,0,2,2,0,52
73.0414,0,0,0,2,2,0,52
73.0915,0,0,0,2,2,0,61
73.1415,0,0,0,2,2,0,58
73.1915,0,0,0,2,2,0,55
73.2415,0,0,0,2,2,0,52
73.2914,0,0,0,2,2,0,43
73.3417,0,0,0,2,2,0,52
73.3915,0,0,0,2,2,0,49
73.4412,0,0,0,2,2,0,58
73.4915,0,0,0,2,2,0,58
73.5416,0,0,0,2,2,0,55
73.5915,0,0,0,2,2,0,55
73.6415,0,0,0,2,2,0,40
73.6915,0,0,0,2,2,0,58
73.7414,0,0,0,2,2,0,58
73.7925,0,0,0,2,2,0,61
73.8416,0,0,0,2,2,0,58
73.8917,0,0,0,2,2,0,49
73.9415,0,0,0,2,2,0,55
73.9911,0,0,0,2,2,0,49
74.0416,0,0,0,2,2,0,61
74.0915,0,0,0,2,2,0,58
74.1416,0,0,0,2,2,0,58
74.1908,0,0,0,2,2,0,55
74.2415,0,0,0,2,2,0,58
74.2914,0,0,0,2,2,0,52
74.3409,0,0,0,2,2,0,55
74.391,0,0,0,2,2,0,58
74.4417,0,0,0,2,2,0,58
74.492,0,0,0,2,2,0,52
74.5415,0,0,0,2,2,0,43
74.5909,0,0,0,2,2,0,49
74.6414,0,0,0,2,2,0,70
74.6914,0,0,0,2,2,0,37
74.7416,0,0,0,2,2,0,58
74.7914,0,0,0,2,2,0,55
74.8415,0,0,0,2,2,0,40
74.8915,0,0,0,2,2,0,52
74.9414,0,0,0,2,2,0,58
74.9915,0,0,0,2,2,0,49
75.041,0,0,0,2,2,0,55
75.0909,0,0,0,2,2,0,49
75.141,0,0,0,2,2,0,46
75.1914,0,0,0,2,2,0,67
75.2412,0,0,0,2,2,0,40
75.2909,0,0,0,2,2,0,61
75.3414,0,0,0,2,2,0,61
75.3914,0,0,0,2,2,0,55
75.4415,0,0,0,2,2,0,64
75.4921,0,0,0,2,2,0,49
75.5416,0,0,0,2,2,0,58
75.5916,0,0,0,2,2,0,58
75.6411,0,0,0,2,2,0,52
75.6914,0,0,0,2,2,0,55
75.7413,0,0,0,2,2,0,49
75.7914,0,0,0,2,2,0,58
75.8409,0,0,0,2,2,0,49
75.8912,0,0,0,2,2,0,55
75.9413,0,0,0,2,2,0,61
75.9915,0,0,0,2,2,0,58
76.0416,0,0,0,2,2,0,55
76.0915,0,0,0,2,2,0,70
76.1426,0,0,0,2,2,0,70
76.1914,0,0,0,2,2,0,52
76.2414,0,0,0,2,2,0,49
76.2914,0,0,0,2,2,0,49
76.342,0,0,0,2,2,0,64
76.3922,0,0,0,2,2,0,55
76.4415,0,0,0,2,2,0,58
76.4915,0,0,0,2,2,0,46
76.5414,0,0,0,2,2,0,55
76.5917,0,0,0,2,2,0,40
76.6417,0,0,0,2,2,0,49
76.6914,0,0,0,2,2,0,67
76.7416,0,0,0,2,2,0,46
76.7919,0,0,0,2,2,0,67
76.8414,0,0,0,2,2,0,67
76.8915,0,0,0,2,2,0,49
76.9414,0,0,0,2,2,0,55
76.9913,0,0,0,2,2,0,61
77.0416,0,0,0,2,2,0,40
77.092,0,0,0,2,2,0,52
77.1415,0,0,0,2,2,0,46
77.1913,0,0,0,2,2,0,49
77.2414,0,0,0,2,2,0,52
77.2914,0,0,0,2,2,0,43
77.3411,0,0,0,2,2,0,46
77.3914,0,0,0,2,2,0,58
77.4416,0,0,0,2,2,0,52
77.4918,0,0,0,2,2,0,58
77.5411,0,0,0,2,2,0,22
77.5914,0,0,0,2,2,0,58
77.6408,0,0,0,2,2,0,52
77.6911,0,0,0,2,2,0,49
77.741,0,0,0,2,2,0,40
77.7914,0,0,0,2,2,0,43
77.8411,0,0,0,2,2,0,46
77.8914,0,0,0,2,2,0,49
77.9413,0,0,0,2,2,0,46
77.9909,0,0,0,2,2,0,49
78.042,0,0,0,2,2,0,55
78.0914,0,0,0,2,2,0,52
78.141,0,0,0,2,2,0,58
78.1914,0,0,0,2,2,0,58
78.2409,0,0,0,2,2,0,55
78.291,0,0,0,2,2,0,55
78.3416,0,0,0,2,2,0,61
78.3914,0,0,0,2,2,0,58
78.4414,0,0,0,2,2,0,52
78.4913,0,0,0,2,2,0,46
78.5411,0,0,0,2,2,0,49
78.5914,0,0,0,2,2,0,55
78.6414,0,0,0,2,2,0,52
78.6913,0,0,0,2,2,0,40
78.7416,0,0,0,2,2,0,37
78.7916,0,0,0,2,2,0,58
78.8419,0,0,0,2,2,0,55
78.891,0,0,0,2,2,0,58
78.9419,0,0,0,2,2,0,55
78.9914,0,0,0,2,2,0,55
79.0415,0,0,0,2,2,0,52
79.0915,0,0,0,2,2,0,52
79.1415,0,0,0,2,2,0,58
79.1916,0,0,0,2,2,0,61
79.2417,0,0,0,2,2,0,52
79.2913,0,0,0,2,2,0,49
79.3413,0,0,0,2,2,0,58
79.391,0,0,0,2,2,0,58
79.4414,0,0,0,2,2,0,58
79.4916,0,0,0,2,2,0,55
79.5415,0,0,0,2,2,0,67
79.5914,0,0,0,2,2,0,49
79.6409,0,0,0,2,2,0,40
79.6914,0,0,0,2,2,0,49
79.741,0,0,0,2,2,0,58
79.7915,0,0,0,2,2,0,43
79.8414,0,0,0,2,2,0,58
79.8912,0,0,0,2,2,0,49
79.9415,0,0,0,2,2,0,52
79.9914,0,0,0,2,2,0,46
80.0417,0,0,0,2,2,0,40
80.0912,0,0,0,2,2,0,58
80.1414,0,0,0,2,2,0,49
80.1914,0,0,0,2,2,0,58
80.2415,0,0,0,2,2,0,43
80.2913,0,0,0,2,2,0,52
80.3415,0,0,0,2,2,0,55
80.3909,0,0,0,2,2,0,55
80.4413,0,0,0,2,2,0,58
80.4915,0,0,0,2,2,0,61
80.5411,0,0,0,2,2,0,52
80.5911,0,0,0,2,2,0,52
80.6414,0,0,0,2,2,0,49
80.6914,0,0,0,2,2,0,55
80.7419,0,0,0,2,2,0,58
80.7913,0,0,0,2,2,0,61
80.8417,0,0,0,2,2,0,58
80.8911,0,0,0,2,2,0,49
80.9414,0,0,0,2,2,0,37
80.991,0,0,0,2,2,0,55
81.0413,0,0,0,2,2,0,58
81.0914,0,0,0,2,2,0,61
81.1414,0,0,0,2,2,0,64
81.1908,0,0,0,2,2,0,49
81.241,0,0,0,2,2,0,52
81.2912,0,0,0,2,2,0,49
81.3416,0,0,0,2,2,0,49
81.3912,0,0,0,2,2,0,52
81.4409,0,0,0,2,2,0,55
81.4908,0,0,0,2,2,0,52
81.5415,0,0,0,2,2,0,49
81.5911,0,0,0,2,2,0,49
81.6415,0,0,0,2,2,0,70
81.6912,0,0,0,2,2,0,46
81.741,0,0,0,2,2,0,55
81.7916,0,0,0,2,2,0,46
81.8411,0,0,0,2,2,0,58
81.8915,0,0,0,2,2,0,79
81.9409,0,0,0,2,2,0,52
81.9907,0,0,0,2,2,0,58
82.041,0,0,0,2,2,0,58
82.0912,0,0,0,2,2,0,43
82.1412,0,0,0,2,2,0,40
82.1913,0,0,0,2,2,0,55
82.2413,0,0,0,2,2,0,40
82.2908,0,0,0,2,2,0,58
82.3416,0,0,0,2,2,0,49
82.3917,0,0,0,2,2,0,58
82.4414,0,0,0,2,2,0,46
82.4915,0,0,0,2,2,0,49
82.541,0,0,0,2,2,0,55
82.591,0,0,0,2,2,0,52
82.6413,0,0,0,2,2,0,55
82.6907,0,0,0,2,2,0,52
82.741,0,0,0,2,2,0,55
82.7916,0,0,0,2,2,0,67
82.8409,0,0,0,2,2,0,61
82.8912,0,0,0,2,2,0,52
82.9413,0,0,0,2,2,0,49
82.991,0,0,0,2,2,0,52
83.041,0,0,0,2,2,0,52
83.0907,0,0,0,2,2,0,67
83.1413,0,0,0,2,2,0,61
83.1913,0,0,0,2,2,0,55
83.241,0,0,0,2,2,0,52
83.2913,0,0,0,2,2,0,49
83.3412,0,0,0,2,2,0,67
83.3912,0,0,0,2,2,0,58
83.4408,0,0,0,2,2,0,58
83.4909,0,0,0,2,2,0,49
83.5413,0,0,0,2,2,0,52
83.5907,0,0,0,2,2,0,61
83.6413,0,0,0,2,2,0,70
83.6908,0,0,0,2,2,0,55
83.7413,0,0,0,2,2,0,49
83.7908,0,0,0,2,2,0,67
83.8407,0,0,0,2,2,0,52
83.8912,0,0,0,2,2,0,55
83.9411,0,0,0,2,2,0,49
83.991,0,0,0,2,2,0,52
84.0413,0,0,0,2,2,0,49
84.091,0,0,0,2,2,0,43
84.1413,0,0,0,2,2,0,58
84.1916,0,0,0,2,2,0,49
84.2408,0,0,0,2,2,0,55
84.2909,0,0,0,2,2,0,82
84.3419,0,0,0,2,2,0,43
84.3918,0,0,0,2,2,0,49
84.4413,0,0,0,2,2,0,49
84.4916,0,0,0,2,2,0,55
84.5408,0,0,0,2,2,0,37
84.5914,0,0,0,2,2,0,46
84.641,0,0,0,2,2,0,55
84.6916,0,0,0,2,2,0,58
84.7414,0,0,0,2,2,0,52
84.791,0,0,0,2,2,0,58
84.8418,0,0,0,2,2,0,55
84.8913,0,0,0,2,2,0,55
84.9418,0,0,0,2,2,0,58
84.9912,0,0,0,2,2,0,49
85.0409,0,0,0,2,2,0,58
85.0912,0,0,0,2,2,0,52
85.1413,0,0,0,2,2,0,67
85.1914,0,0,0,2,2,0,58
85.2413,0,0,0,2,2,0,46
85.291,0,0,0,2,2,0,46
85.3413,0,0,0,2,2,0,52
85.3918,0,0,0,2,2,0,46
85.4419,0,0,0,2,2,0,43
85.4914,0,0,0,2,2,0,46
85.5416,0,0,0,2,2,0,55
85.5913,0,0,0,2,2,0,55
85.6409,0,0,0,2,2,0,52
85.6912,0,0,0,2,2,0,46
85.7414,0,0,0,2,2,0,43
85.7914,0,0,0,2,2,0,58
85.8418,0,0,0,2,2,0,49
85.8916,0,0,0,2,2,0,37
85.9414,0,0,0,2,2,0,58
85.9912,0,0,0,2,2,0,49
86.0415,0,0,0,2,2,0,52
86.0911,0,0,0,2,2,0,55
86.1412,0,0,0,2,2,0,52
86.1913,0,0,0,2,2,0,58
86.2418,0,0,0,2,2,0,37
86.2915,0,0,0,2,2,0,55
86.341,0,0,0,2,2,0,58
86.3918,0,0,0,2,2,0,49
86.4416,0,0,0,2,2,0,49
86.4912,0,0,0,2,2,0,40
86.5413,0,0,0,2,2,0,55
86.5912,0,0,0,2,2,0,46
86.6407,0,0,0,2,2,0,40
86.6911,0,0,0,2,2,0,46
86.7412,0,0,0,2,2,0,58
86.7912,0,0,0,2,2,0,58
86.8415,0,0,0,2,2,0,58
86.8912,0,0,0,2,2,0,52
86.9412,0,0,0,2,2,0,58
86.9912,0,0,0,2,2,0,52
87.0414,0,0,0,2,2,0,46
87.0919,0,0,0,2,2,0,55
87.1411,0,0,0,2,2,0,70
87.1911,0,0,0,2,2,0,58
87.2412,0,0,0,2,2,0,49
87.2915,0,0,0,2,2,0,49
87.3412,0,0,0,2,2,0,58
87.3912,0,0,0,2,2,0,58
87.4418,0,0,0,2,2,0,49
87.491,0,0,0,2,2,0,46
87.5413,0,0,0,2,2,0,49
87.5915,0,0,0,2,2,0,58
87.6411,0,0,0,2,2,0,58
87.6905,0,0,0,2,2,0,58
87.7409,0,0,0,2,2,0,52
87.7912,0,0,0,2,2,0,49
87.8412,0,0,0,2,2,0,55
87.8912,0,0,0,2,2,0,55
87.9409,0,0,0,2,2,0,55
87.9914,0,0,0,2,2,0,67
88.0408,0,0,0,2,2,0,43
88.0907,0,0,0,2,2,0,55
88.1407,0,0,0,2,2,0,58
88.1906,0,0,0,2,2,0,55
88.2412,0,0,0,2,2,0,46
88.2915,0,0,0,2,2,0,49
88.3416,0,0,0,2,2,0,70
88.3907,0,0,0,2,2,0,52
88.4418,0,0,0,2,2,0,61
88.4912,0,0,0,2,2,0,58
88.5409,0,0,0,2,2,0,61
88.5911,0,0,0,2,2,0,58
88.6409,0,0,0,2,2,0,49
88.6907,0,0,0,2,2,0,55
88.7409,0,0,0,2,2,0,61
88.7911,0,0,0,2,2,0,46
88.8412,0,0,0,2,2,0,49
88.8908,0,0,0,2,2,0,58
88.9413,0,0,0,2,2,0,61
88.9911,0,0,0,2,2,0,58
89.0412,0,0,0,2,2,0,49
89.091,0,0,0,2,2,0,52
89.1414,0,0,0,2,2,0,52
89.1909,0,0,0,2,2,0,46
89.2414,0,0,0,2,2,0,49
89.2914,0,0,0,2,2,0,70
89.3412,0,0,0,2,2,0,61
89.3926,0,0,0,2,2,0,55
89.4413,0,0,0,2,2,0,52
89.4907,0,0,0,2,2,0,58
89.5412,0,0,0,2,2,0,64
89.5912,0,0,0,2,2,0,49
89.6413,0,0,0,2,2,0,58
89.6911,0,0,0,2,2,0,55
89.7411,0,0,0,2,2,0,55
89.7911,0,0,0,2,2,0,64
89.8412,0,0,0,2,2,0,52
89.8906,0,0,0,2,2,0,64
89.9418,0,0,0,2,2,0,67
89.9913,0,0,0,2,2,0,70
90.0414,0,0,0,2,2,0,46
90.0912,0,0,0,2,2,0,61
90.1411,0,0,0,2,2,0,49
90.1918,0,0,0,2,2,0,52
90.2412,0,0,0,2,2,0,40
90.2911,0,0,0,2,2,0,55
90.3409,0,0,0,2,2,0,49
90.3918,0,0,0,2,2,0,37
90.4413,0,0,0,2,2,0,52
90.4918,0,0,0,2,2,0,49
90.5416,0,0,0,2,2,0,58
90.5912,0,0,0,2,2,0,55
90.6411,0,0,0,2,2,0,52
90.6906,0,0,0,2,2,0,49
90.7407,0,0,0,2,2,0,58
90.7915,0,0,0,2,2,0,49
90.8413,0,0,0,2,2,0,46
90.8918,0,0,0,2,2,0,61
90.9408,0,0,0,2,2,0,49
90.991,0,0,0,2,2,0,58
91.041,0,0,0,2,2,0,49
91.0911,0,0,0,2,2,0,52
91.1415,0,0,0,2,2,0,46
91.1909,0,0,0,2,2,0,49
91.2411,0,0,0,2,2,0,49
91.2909,0,0,0,2,2,0,49
91.3413,0,0,0,2,2,0,43
91.3914,0,0,0,2,2,0,58
91.4408,0,0,0,2,2,0,61
91.4923,0,0,0,2,2,0,43
91.5413,0,0,0,2,2,0,52
91.5906,0,0,0,2,2,0,49
91.6411,0,0,0,2,2,0,49
91.6917,0,0,0,2,2,0,64
91.7414,0,0,0,2,2,0,52
91.7912,0,0,0,2,2,0,58
91.8411,0,0,0,2,2,0,46
91.8912,0,0,0,2,2,0,67
91.9417,0,0,0,2,2,0,49
91.9915,0,0,0,2,2,0,49
92.0413,0,0,0,2,2,0,61
92.0913,0,0,0,2,2,0,58
92.1409,0,0,0,2,2,0,52
92.191,0,0,0,2,2,0,64
92.2409,0,0,0,2,2,0,52
92.2911,0,0,0,2,2,0,52
92.3414,0,0,0,2,2,0,52
92.3917,0,0,0,2,2,0,61
92.4409,0,0,0,2,2,0,40
92.4909,0,0,0,2,2,0,64
92.5411,0,0,0,2,2,0,49
92.5917,0,0,0,2,2,0,55
92.6408,0,0,0,2,2,0,49
92.6906,0,0,0,2,2,0,52
92.7411,0,0,0,2,2,0,49
92.7912,0,0,0,2,2,0,64
92.8408,0,0,0,2,2,0,52
92.8911,0,0,0,2,2,0,52
92.9411,0,0,0,2,2,0,55
92.9914,0,0,0,2,2,0,46
93.0413,0,0,0,2,2,0,58
93.0911,0,0,0,2,2,0,58
93.141,0,0,0,2,2,0,55
93.191,0,0,0,2,2,0,58
93.2411,0,0,0,2,2,0,46
93.291,0,0,0,2,2,0,52
93.3411,0,0,0,2,2,0,43
93.3911,0,0,0,2,2,0,55
93.4412,0,0,0,2,2,0,43
93.4911,0,0,0,2,2,0,61
93.541,0,0,0,2,2,0,52
93.5911,0,0,0,2,2,0,55
93.6411,0,0,0,2,2,0,58
93.6911,0,0,0,2,2,0,58
93.7411,0,0,0,2,2,0,55
93.791,0,0,0,2,2,0,49
93.8406,0,0,0,2,2,0,46
93.8911,0,0,0,2,2,0,43
93.9406,0,0,0,2,2,0,58
93.9909,0,0,0,2,2,0,49
94.0408,0,0,0,2,2,0,49
94.0908,0,0,0,2,2,0,58
94.1411,0,0,0,2,2,0,46
94.1911,0,0,0,2,2,0,46
94.2411,0,0,0,2,2,0,52
94.291,0,0,0,2,2,0,64
94.3413,0,0,0,2,2,0,61
94.3911,0,0,0,2,2,0,64
94.4411,0,0,0,2,2,0,58
94.4911,0,0,0,2,2,0,52
94.5411,0,0,0,2,2,0,55
94.5912,0,0,0,2,2,0,55
94.6414,0,0,0,2,2,0,43
94.6917,0,0,0,2,2,0,64
94.7408,0,0,0,2,2,0,49
94.7914,0,0,0,2,2,0,55
94.8408,0,0,0,2,2,0,67
94.8905,0,0,0,2,2,0,46
94.9411,0,0,0,2,2,0,52
94.9908,0,0,0,2,2,0,49
95.041,0,0,0,2,2,0,58
95.0911,0,0,0,2,2,0,55
95.1407,0,0,0,2,2,0,61
95.1911,0,0,0,2,2,0,49
95.2407,0,0,0,2,2,0,64
95.2911,0,0,0,2,2,0,58
95.3411,0,0,0,2,2,0,58
95.3905,0,0,0,2,2,0,55
95.4412,0,0,0,2,2,0,67
95.491,0,0,0,2,2,0,58
95.5407,0,0,0,2,2,0,52
95.591,0,0,0,2,2,0,52
95.6406,0,0,0,2,2,0,49
95.6912,0,0,0,2,2,0,37
95.7414,0,0,0,2,2,0,58
95.7916,0,0,0,2,2,0,58
95.8416,0,0,0,2,2,0,46
95.8912,0,0,0,2,2,0,58
95.9408,0,0,0,2,2,0,67
95.9911,0,0,0,2,2,0,52
96.0406,0,0,0,2,2,0,46
96.0908,0,0,0,2,2,0,52
96.1414,0,0,0,2,2,0,58
96.1914,0,0,0,2,2,0,34
96.2411,0,0,0,2,2,0,49
96.2907,0,0,0,2,2,0,58
96.3408,0,0,0,2,2,0,58
96.3916,0,0,0,2,2,0,52
96.4414,0,0,0,2,2,0,49
96.491,0,0,0,2,2,0,49
96.5413,0,0,0,2,2,0,58
96.591,0,0,0,2,2,0,55
96.6411,0,0,0,2,2,0,52
96.6907,0,0,0,2,2,0,52
96.741,0,0,0,2,2,0,46
96.791,0,0,0,2,2,0,40
96.8405,0,0,0,2,2,0,58
96.891,0,0,0,2,2,0,58
96.9411,0,0,0,2,2,0,55
96.9905,0,0,0,2,2,0,49
97.0411,0,0,0,2,2,0,58
97.091,0,0,0,2,2,0,61
97.1411,0,0,0,2,2,0,49
97.1914,0,0,0,2,2,0,49
97.241,0,0,0,2,2,0,58
97.291,0,0,0,2,2,0,46
97.341,0,0,0,2,2,0,58
97.391,0,0,0,2,2,0,55
97.4414,0,0,0,2,2,0,40
97.491,0,0,0,2,2,0,64
97.5417,0,0,0,2,2,0,49
97.5914,0,0,0,2,2,0,46
97.6412,0,0,0,2,2,0,70
97.6911,0,0,0,2,2,0,49
97.7412,0,0,0,2,2,0,49
97.791,0,0,0,2,2,0,52
97.8406,0,0,0,2,2,0,55
97.891,0,0,0,2,2,0,58
97.9412,0,0,0,2,2,0,55
97.991,0,0,0,2,2,0,55
98.0407,0,0,0,2,2,0,49
98.0905,0,0,0,2,2,0,49
98.1407,0,0,0,2,2,0,46
98.1916,0,0,0,2,2,0,46
98.2408,0,0,0,2,2,0,58
98.2908,0,0,0,2,2,0,64
98.3407,0,0,0,2,2,0,49
98.3911,0,0,0,2,2,0,52
98.4412,0,0,0,2,2,0,70
98.491,0,0,0,2,2,0,52
98.5408,0,0,0,2,2,0,52
98.5907,0,0,0,2,2,0,49
98.6412,0,0,0,2,2,0,52
98.6907,0,0,0,2,2,0,52
98.7412,0,0,0,2,2,0,43
98.7914,0,0,0,2,2,0,49
98.8411,0,0,0,2,2,0,61
98.8911,0,0,0,2,2,0,58
98.9412,0,0,0,2,2,0,49
98.9911,0,0,0,2,2,0,49
99.041,0,0,0,2,2,0,49
99.0916,0,0,0,2,2,0,46
99.1411,0,0,0,2,2,0,49
99.1907,0,0,0,2,2,0,37
99.2413,0,0,0,2,2,0,79
99.2908,0,0,0,2,2,0,61
99.341,0,0,0,2,2,0,55
99.391,0,0,0,2,2,0,43
99.441,0,0,0,2,2,0,61
99.4916,0,0,0,2,2,0,49
99.5413,0,0,0,2,2,0,58
99.5913,0,0,0,2,2,0,55
99.641,0,0,0,2,2,0,55
99.691,0,0,0,2,2,0,52
99.7414,0,0,0,2,2,0,64
99.7911,0,0,0,2,2,0,46
99.8409,0,0,0,2,2,0,55
99.8907,0,0,0,2,2,0,46
99.941,0,0,0,2,2,0,55
99.9908,0,0,0,2,2,0,64
100.041,0,0,0,2,2,0,64
100.091,0,0,0,2,2,0,55
100.141,0,0,0,2,2,0,52
100.192,0,0,0,2,2,0,64
100.241,0,0,0,2,2,0,91
100.291,0,0,0,2,2,0,58
100.341,0,0,0,2,2,0,58
100.391,0,0,0,2,2,0,58
100.442,0,0,0,2,2,0,58
100.491,0,0,0,2,2,0,58
100.541,0,0,0,2,2,0,64
100.591,0,0,0,2,2,0,55
100.641,0,0,0,2,2,0,49
100.691,0,0,0,2,2,0,37
100.742,0,0,0,2,2,0,52
100.791,0,0,0,2,2,0,49
100.841,0,0,0,2,2,0,46
100.891,0,0,0,2,2,0,70
100.941,0,0,0,2,2,0,55
100.991,0,0,0,2,2,0,58
101.041,0,0,0,2,2,0,64
101.091,0,0,0,2,2,0,58
101.141,0,0,0,2,2,0,52
101.191,0,0,0,2,2,0,49
101.241,0,0,0,2,2,0,52
101.291,0,0,0,2,2,0,55
101.341,0,0,0,2,2,0,58
101.39,0,0,0,2,2,0,55
101.441,0,0,0,2,2,0,52
101.491,0,0,0,2,2,0,43
101.541,0,0,0,2,2,0,70
101.591,0,0,0,2,2,0,61
101.641,0,0,0,2,2,0,58
101.691,0,0,0,2,2,0,46
101.741,0,0,0,2,2,0,49
101.79,0,0,0,2,2,0,52
101.84,0,0,0,2,2,0,61
101.892,0,0,0,2,2,0,58
101.941,0,0,0,2,2,0,58
101.991,0,0,0,2,2,0,43
102.041,0,0,0,2,2,0,58
102.091,0,0,0,2,2,0,55
102.141,0,0,0,2,2,0,58
102.19,0,0,0,2,2,0,55
102.242,0,0,0,2,2,0,61
102.291,0,0,0,2,2,0,58
102.341,0,0,0,2,2,0,52
102.391,0,0,0,2,2,0,52
102.44,0,0,0,2,2,0,49
102.491,0,0,0,2,2,0,49
102.541,0,0,0,2,2,0,55
102.591,0,0,0,2,2,0,55
102.641,0,0,0,2,2,0,70
102.69,0,0,0,2,2,0,43
102.74,0,0,0,2,2,0,58
102.791,0,0,0,2,2,0,55
102.841,0,0,0,2,2,0,55
102.891,0,0,0,2,2,0,58
102.942,0,0,0,2,2,0,49
102.991,0,0,0,2,2,0,58
103.041,0,0,0,2,2,0,61
103.091,0,0,0,2,2,0,58
103.141,0,0,0,2,2,0,43
103.191,0,0,0,2,2,0,52
103.241,0,0,0,2,2,0,55
103.291,0,0,0,2,2,0,52
103.341,0,0,0,2,2,0,40
103.391,0,0,0,2,2,0,37
103.441,0,0,0,2,2,0,49
103.491,0,0,0,2,2,0,49
103.541,0,0,0,2,2,0,58
103.591,0,0,0,2,2,0,52
103.641,0,0,0,2,2,0,55
103.691,0,0,0,2,2,0,49
103.741,0,0,0,2,2,0,52
103.791,0,0,0,2,2,0,49
103.84,0,0,0,2,2,0,58
103.891,0,0,0,2,2,0,55
103.941,0,0,0,2,2,0,55
103.991,0,0,0,2,2,0,55
104.041,0,0,0,2,2,0,64
104.09,0,0,0,2,2,0,46
104.141,0,0,0,2,2,0,49
104.191,0,0,0,2,2,0,58
104.241,0,0,0,2,2,0,64
104.291,0,0,0,2,2,0,67
104.341,0,0,0,2,2,0,49
104.391,0,0,0,2,2,0,46
104.441,0,0,0,2,2,0,43
104.491,0,0,0,2,2,0,52
104.541,0,0,0,2,2,0,43
104.591,0,0,0,2,2,0,58
104.641,0,0,0,2,2,0,58
104.69,0,0,0,2,2,0,67
104.742,0,0,0,2,2,0,52
104.791,0,0,0,2,2,0,49
104.841,0,0,0,2,2,0,58
104.891,0,0,0,2,2,0,76
104.941,0,0,0,2,2,0,58
104.991,0,0,0,2,2,0,46
105.041,0,0,0,2,2,0,46
105.091,0,0,0,2,2,0,61
105.141,0,0,0,2,2,0,46
105.191,0,0,0,2,2,0,58
105.241,0,0,0,2,2,0,64
105.291,0,0,0,2,2,0,55
105.341,0,0,0,2,2,0,49
105.391,0,0,0,2,2,0,49
105.441,0,0,0,2,2,0,55
105.491,0,0,0,2,2,0,61
105.541,0,0,0,2,2,0,58
105.591,0,0,0,2,2,0,61
105.641,0,0,0,2,2,0,49
105.691,0,0,0,2,2,0,55
105.74,0,0,0,2,2,0,49
105.791,0,0,0,2,2,0,49
105.841,0,0,0,2,2,0,52
105.891,0,0,0,2,2,0,37
105.941,0,0,0,2,2,0,55
105.991,0,0,0,2,2,0,52
106.041,0,0,0,2,2,0,49
106.091,0,0,0,2,2,0,37
106.141,0,0,0,2,2,0,49
106.191,0,0,0,2,2,0,61
106.241,0,0,0,2,2,0,70
106.291,0,0,0,2,2,0,46
106.341,0,0,0,2,2,0,73
106.391,0,0,0,2,2,0,46
106.441,0,0,0,2,2,0,58
106.491,0,0,0,2,2,0,49
106.541,0,0,0,2,2,0,43
106.591,0,0,0,2,2,0,58
106.641,0,0,0,2,2,0,49
106.691,0,0,0,2,2,0,58
106.741,0,0,0,2,2,0,61
106.791,0,0,0,2,2,0,58
106.841,0,0,0,2,2,0,43
106.891,0,0,0,2,2,0,49
106.941,0,0,0,2,2,0,55
106.991,0,0,0,2,2,0,52
107.041,0,0,0,2,2,0,58
107.091,0,0,0,2,2,0,55
107.141,0,0,0,2,2,0,52
107.191,0,0,0,2,2,0,55
107.241,0,0,0,2,2,0,52
107.291,0,0,0,2,2,0,52
107.342,0,0,0,2,2,0,67
107.391,0,0,0,2,2,0,58
107.441,0,0,0,2,2,0,49
107.491,0,0,0,2,2,0,58
107.541,0,0,0,2,2,0,49
107.591,0,0,0,2,2,0,52
107.641,0,0,0,2,2,0,49
107.691,0,0,0,2,2,0,58
107.741,0,0,0,2,2,0,49
107.791,0,0,0,2,2,0,52
107.841,0,0,0,2,2,0,40
107.891,0,0,0,2,2,0,55
107.941,0,0,0,2,2,0,55
107.991,0,0,0,2,2,0,49
108.041,0,0,0,2,2,0,52
108.091,0,0,0,2,2,0,64
108.141,0,0,0,2,2,0,55
108.191,0,0,0,2,2,0,55
108.241,0,0,0,2,2,0,58
108.291,0,0,0,2,2,0,46
108.341,0,0,0,2,2,0,49
108.391,0,0,0,2,2,0,49
108.441,0,0,0,2,2,0,52
108.491,0,0,0,2,2,0,40
108.541,0,0,0,2,2,0,55
108.591,0,0,0,2,2,0,64
108.641,0,0,0,2,2,0,49
108.691,0,0,0,2,2,0,55
108.741,0,0,0,2,2,0,58
108.791,0,0,0,2,2,0,52
108.841,0,0,0,2,2,0,40
108.891,0,0,0,2,2,0,55
108.941,0,0,0,2,2,0,49
108.991,0,0,0,2,2,0,49
109.041,0,0,0,2,2,0,67
109.091,0,0,0,2,2,0,58
109.141,0,0,0,2,2,0,52
109.191,0,0,0,2,2,0,37
109.241,0,0,0,2,2,0,58
109.291,0,0,0,2,2,0,58
109.341,0,0,0,2,2,0,58
109.39,0,0,0,2,2,0,49
109.441,0,0,0,2,2,0,52
109.491,0,0,0,2,2,0,73
109.541,0,0,0,2,2,0,55
109.591,0,0,0,2,2,0,58
109.641,0,0,0,2,2,0,49
109.691,0,0,0,2,2,0,49
109.741,0,0,0,2,2,0,64
109.791,0,0,0,2,2,0,52
109.84,0,0,0,2,2,0,58
109.89,0,0,0,2,2,0,55
109.941,0,0,0,2,2,0,52
109.991,0,0,0,2,2,0,52
110.041,0,0,0,2,2,0,52
110.091,0,0,0,2,2,0,70
110.141,0,0,0,2,2,0,55
110.191,0,0,0,2,2,0,46
110.241,0,0,0,2,2,0,46
110.291,0,0,0,2,2,0,58
110.341,0,0,0,2,2,0,49
110.391,0,0,0,2,2,0,43
110.441,0,0,0,2,2,0,58
110.491,0,0,0,2,2,0,46
110.541,0,0,0,2,2,0,43
110.591,0,0,0,2,2,0,43
110.641,0,0,0,2,2,0,58
110.691,0,0,0,2,2,0,67
110.741,0,0,0,2,2,0,58
110.791,0,0,0,2,2,0,49
110.84,0,0,0,2,2,0,55
110.891,0,0,0,2,2,0,49
110.941,0,0,0,2,2,0,49
110.991,0,0,0,2,2,0,49
111.041,0,0,0,2,2,0,55
111.091,0,0,0,2,2,0,49
111.141,0,0,0,2,2,0,64
111.191,0,0,0,2,2,0,58
111.241,0,0,0,2,2,0,52
111.291,0,0,0,2,2,0,70
111.341,0,0,0,2,2,0,58
111.391,0,0,0,2,2,0,52
111.441,0,0,0,2,2,0,43
111.491,0,0,0,2,2,0,55
111.541,0,0,0,2,2,0,52
111.591,0,0,0,2,2,0,49
111.641,0,0,0,2,2,0,55
111.691,0,0,0,2,2,0,55
111.741,0,0,0,2,2,0,55
111.791,0,0,0,2,2,0,58
111.84,0,0,0,2,2,0,55
111.891,0,0,0,2,2,0,52
111.941,0,0,0,2,2,0,64
111.991,0,0,0,2,2,0,52
112.041,0,0,0,2,2,0,43
112.091,0,0,0,2,2,0,58
112.141,0,0,0,2,2,0,55
112.191,0,0,0,2,2,0,49
112.241,0,0,0,2,2,0,49
112.291,0,0,0,2,2,0,55
112.341,0,0,0,2,2,0,43
112.39,0,0,0,2,2,0,46
112.441,0,0,0,2,2,0,49
112.491,0,0,0,2,2,0,49
112.541,0,0,0,2,2,0,43
112.591,0,0,0,2,2,0,52
112.64,0,0,0,2,2,0,49
112.69,0,0,0,2,2,0,52
112.741,0,0,0,2,2,0,67
112.791,0,0,0,2,2,0,82
112.841,0,0,0,2,2,0,46
112.891,0,0,0,2,2,0,52
112.941,0,0,0,2,2,0,70
112.99,0,0,0,2,2,0,55
113.041,0,0,0,2,2,0,55
113.091,0,0,0,2,2,0,49
113.141,0,0,0,2,2,0,61
113.191,0,0,0,2,2,0,52
113.241,0,0,0,2,2,0,58
113.29,0,0,0,2,2,0,58
113.34,0,0,0,2,2,0,46
113.39,0,0,0,2,2,0,55
113.441,0,0,0,2,2,0,58
113.491,0,0,0,2,2,0,40
113.541,0,0,0,2,2,0,61
113.591,0,0,0,2,2,0,49
113.641,0,0,0,2,2,0,70
113.691,0,0,0,2,2,0,58
113.74,0,0,0,2,2,0,58
113.791,0,0,0,2,2,0,52
113.841,0,0,0,2,2,0,46
113.891,0,0,0,2,2,0,49
113.941,0,0,0,2,2,0,55
113.991,0,0,0,2,2,0,49
114.041,0,0,0,2,2,0,52
114.09,0,0,0,2,2,0,61
114.14,0,0,0,2,2,0,61
114.19,0,0,0,2,2,0,49
114.24,0,0,0,2,2,0,40
114.291,0,0,0,2,2,0,58
114.341,0,0,0,2,2,0,49
114.391,0,0,0,2,2,0,52
114.441,0,0,0,2,2,0,49
114.49,0,0,0,2,2,0,52
114.541,0,0,0,2,2,0,70
114.591,0,0,0,2,2,0,55
114.641,0,0,0,2,2,0,46
114.691,0,0,0,2,2,0,58
114.74,0,0,0,2,2,0,58
114.791,0,0,0,2,2,0,49
114.841,0,0,0,2,2,0,58
114.891,0,0,0,2,2,0,61
114.941,0,0,0,2,2,0,58
114.991,0,0,0,2,2,0,70
115.04,0,0,0,2,2,0,49
115.091,0,0,0,2,2,0,52
115.141,0,0,0,2,2,0,52
115.191,0,0,0,2,2,0,58
115.241,0,0,0,2,2,0,55
115.29,0,0,0,2,2,0,52
115.341,0,0,0,2,2,0,58
115.391,0,0,0,2,2,0,52
115.44,0,0,0,2,2,0,52
115.49,0,0,0,2,2,0,61
115.54,0,0,0,2,2,0,55
115.591,0,0,0,2,2,0,55
115.64,0,0,0,2,2,0,55
115.69,0,0,0,2,2,0,37
115.741,0,0,0,2,2,0,58
115.791,0,0,0,2,2,0,58
115.84,0,0,0,2,2,0,46
115.891,0,0,0,2,2,0,58
115.942,0,0,0,2,2,0,58
115.991,0,0,0,2,2,0,64
116.041,0,0,0,2,2,0,58
116.091,0,0,0,2,2,0,64
116.141,0,0,0,2,2,0,55
116.191,0,0,0,2,2,0,52
116.24,0,0,0,2,2,0,58
116.29,0,0,0,2,2,0,55
116.34,0,0,0,2,2,0,49
116.391,0,0,0,2,2,0,49
116.441,0,0,0,2,2,0,58
116.491,0,0,0,2,2,0,52
116.541,0,0,0,2,2,0,70
116.591,0,0,0,2,2,0,58
116.641,0,0,0,2,2,0,43
116.691,0,0,0,2,2,0,49
116.741,0,0,0,2,2,0,49
116.791,0,0,0,2,2,0,49
116.841,0,0,0,2,2,0,52
116.891,0,0,0,2,2,0,55
116.941,0,0,0,2,2,0,52
116.991,0,0,0,2,2,0,61
117.041,0,0,0,2,2,0,46
117.091,0,0,0,2,2,0,58
117.141,0,0,0,2,2,0,52
117.191,0,0,0,2,2,0,43
117.241,0,0,0,2,2,0,52
117.29,0,0,0,2,2,0,67
117.34,0,0,0,2,2,0,49
117.39,0,0,0,2,2,0,52
117.44,0,0,0,2,2,0,67
117.49,0,0,0,2,2,0,52
117.54,0,0,0,2,2,0,58
117.591,0,0,0,2,2,0,58
117.64,0,0,0,2,2,0,70
117.691,0,0,0,2,2,0,64
117.74,0,0,0,2,2,0,49
117.79,0,0,0,2,2,0,52
117.84,0,0,0,2,2,0,55
117.891,0,0,0,2,2,0,55
117.941,0,0,0,2,2,0,61
117.991,0,0,0,2,2,0,58
118.041,0,0,0,2,2,0,58
118.091,0,0,0,2,2,0,61
118.141,0,0,0,2,2,0,49
118.191,0,0,0,2,2,0,43
118.241,0,0,0,2,2,0,49
118.29,0,0,0,2,2,0,52
118.341,0,0,0,2,2,0,55
118.391,0,0,0,2,2,0,52
118.441,0,0,0,2,2,0,46
118.49,0,0,0,2,2,0,43
118.541,0,0,0,2,2,0,46
118.591,0,0,0,2,2,0,34
118.64,0,0,0,2,2,0,55
118.691,0,0,0,2,2,0,49
118.741,0,0,0,2,2,0,34
118.791,0,0,0,2,2,0,58
118.841,0,0,0,2,2,0,46
118.891,0,0,0,2,2,0,52
118.941,0,0,0,2,2,0,52
118.991,0,0,0,2,2,0,58
119.041,0,0,0,2,2,0,58
119.091,0,0,0,2,2,0,73
119.141,0,0,0,2,2,0,43
119.191,0,0,0,2,2,0,49
119.241,0,0,0,2,2,0,43
119.29,0,0,0,2,2,0,58
119.341,0,0,0,2,2,0,67
119.391,0,0,0,2,2,0,58
119.44,0,0,0,2,2,0,58
119.49,0,0,0,2,2,0,52
119.541,0,0,0,2,2,0,58
119.591,0,0,0,2,2,0,58
119.641,0,0,0,2,2,0,40
119.691,0,0,0,2,2,0,67
119.741,0,0,0,2,2,0,64
119.79,0,0,0,2,2,0,43
119.842,0,0,0,2,2,0,70
119.891,0,0,0,2,2,0,58
119.941,0,0,0,2,2,0,58
119.991,0,0,0,2,2,0,58
120.041,0,0,0,2,2,0,46
120.091,0,0,0,2,2,0,52
120.141,0,0,0,2,2,0,40
120.191,0,0,0,2,2,0,64
120.241,0,0,0,2,2,0,49
120.291,0,0,0,2,2,0,52
120.341,0,0,0,2,2,0,52
120.391,0,0,0,2,2,0,55
120.441,0,0,0,2,2,0,49
120.491,0,0,0,2,2,0,43
120.541,0,0,0,2,2,0,40
120.591,0,0,0,2,2,0,52
120.641,0,0,0,2,2,0,46
120.69,0,0,0,2,2,0,70
120.741,0,0,0,2,2,0,49
120.79,0,0,0,2,2,0,46
120.84,0,0,0,2,2,0,52
120.891,0,0,0,2,2,0,58
120.941,0,0,0,2,2,0,58
120.991,0,0,0,2,2,0,46
121.041,0,0,0,2,2,0,34
121.09,0,0,0,2,2,0,49
121.14,0,0,0,2,2,0,58
121.19,0,0,0,2,2,0,58
121.241,0,0,0,2,2,0,64
121.29,0,0,0,2,2,0,58
121.341,0,0,0,2,2,0,61
121.391,0,0,0,2,2,0,55
121.441,0,0,0,2,2,0,49
121.491,0,0,0,2,2,0,58
121.541,0,0,0,2,2,0,49
121.591,0,0,0,2,2,0,46
121.641,0,0,0,2,2,0,55
121.691,0,0,0,2,2,0,49
121.741,0,0,0,2,2,0,52
121.791,0,0,0,2,2,0,67
121.84,0,0,0,2,2,0,46
121.891,0,0,0,2,2,0,58
121.941,0,0,0,2,2,0,40
121.99,0,0,0,2,2,0,58
122.041,0,0,0,2,2,0,46
122.09,0,0,0,2,2,0,70
122.14,0,0,0,2,2,0,52
122.191,0,0,0,2,2,0,49
122.241,0,0,0,2,2,0,70
122.291,0,0,0,2,2,0,46
122.341,0,0,0,2,2,0,52
122.39,0,0,0,2,2,0,46
122.441,0,0,0,2,2,0,58
122.49,0,0,0,2,2,0,46
122.541,0,0,0,2,2,0,55
122.591,0,0,0,2,2,0,52
122.641,0,0,0,2,2,0,67
122.69,0,0,0,2,2,0,40
122.741,0,0,0,2,2,0,55
122.791,0,0,0,2,2,0,55
122.841,0,0,0,2,2,0,58
122.891,0,0,0,2,2,0,52
122.941,0,0,0,2,2,0,58
122.991,0,0,0,2,2,0,64
123.04,0,0,0,2,2,0,58
123.091,0,0,0,2,2,0,67
123.14,0,0,0,2,2,0,61
123.19,0,0,0,2,2,0,58
123.241,0,0,0,2,2,0,52
123.29,0,0,0,2,2,0,67
123.341,0,0,0,2,2,0,49
123.391,0,0,0,2,2,0,46
123.441,0,0,0,2,2,0,46
123.49,0,0,0,2,2,0,58
123.541,0,0,0,2,2,0,43
123.59,0,0,0,2,2,0,52
123.641,0,0,0,2,2,0,46
123.69,0,0,0,2,2,0,58
123.741,0,0,0,2,2,0,49
123.791,0,0,0,2,2,0,49
123.84,0,0,0,2,2,0,52
123.891,0,0,0,1,0,0,52
123.941,0,0,0,1,0,0,52
123.99,0,0,0,1,0,0,52
124.041,0,0,0,1,0,0,43
124.09,0,0,0,1,0,0,49
124.14,0,0,0,1,0,0,49
124.191,0,0,0,1,0,0,58
124.24,0,0,0,1,0,0,58
124.29,0,0,0,1,0,0,52
124.34,0,0,0,1,0,0,58
124.391,0,0,0,1,0,0,52
124.441,0,0,0,1,0,0,49
124.49,0,0,0,1,0,0,52
124.541,0,0,0,1,0,0,52
124.591,0,0,0,1,0,0,46
124.641,0,0,0,1,0,0,46
124.69,0,0,0,1,0,0,52
124.741,0,0,0,1,0,0,46
124.791,0,0,0,1,0,0,49
124.841,0,0,0,1,0,0,46
124.89,0,0,0,1,0,0,49
124.94,0,0,0,1,0,0,49
124.99,0,0,0,1,0,0,58
125.04,0,0,0,1,0,0,55
125.091,0,0,0,1,0,0,58
125.141,0,0,0,1,0,0,34
125.191,0,0,0,1,0,0,52
125.24,0,0,0,1,0,0,49
125.291,0,0,0,1,0,0,49
125.341,0,0,0,1,0,0,55
125.392,0,0,0,1,0,0,52
125.441,0,0,0,1,0,0,49
125.491,0,0,0,1,0,0,58
125.541,0,0,0,1,0,0,49
125.591,0,0,0,1,0,0,49
125.641,0,0,0,1,0,0,58
125.691,0,0,0,1,0,0,49
125.74,0,0,0,1,0,0,46
125.791,0,0,0,1,0,0,58
125.841,0,0,0,1,0,0,43
125.89,0,0,0,1,0,0,79
125.94,0,0,0,1,0,0,43
125.99,0,0,0,1,0,0,58
126.04,0,0,0,1,0,0,49
126.09,0,0,0,1,0,0,58
126.142,0,0,0,1,0,0,37
126.19,0,0,0,1,0,0,46
126.24,0,0,0,1,0,0,52
126.29,0,0,0,1,0,0,46
126.341,0,0,0,1,0,0,58
126.39,0,0,0,1,0,0,52
126.441,0,0,0,1,0,0,46
126.49,0,0,0,1,0,0,58
126.54,0,0,0,1,0,0,58
126.591,0,0,0,1,0,0,55
126.642,0,0,0,1,0,0,49
126.691,0,0,0,1,0,0,49
126.741,0,0,0,1,0,0,58
126.791,0,0,0,1,0,0,58
126.841,0,0,0,1,0,0,52
126.891,0,0,0,1,0,0,43
126.943,0,0,0,1,0,0,49
126.991,0,0,0,1,0,0,61
127.041,0,0,0,1,0,0,49
127.09,0,0,0,1,0,0,55
127.141,0,0,0,1,0,0,52
127.19,0,0,0,1,0,0,58
127.24,0,0,0,1,0,0,58
127.29,0,0,0,1,0,0,58
127.341,0,0,0,1,0,0,34
127.391,0,0,0,1,0,0,58
127.44,0,0,0,1,0,0,58
127.491,0,0,0,1,0,0,55
127.541,0,0,0,1,0,0,46
127.591,0,0,0,1,0,0,49
127.64,0,0,0,1,0,0,58
127.69,0,0,0,1,0,0,52
127.741,0,0,0,1,0,0,49
127.791,0,0,0,1,0,0,46
127.84,0,0,0,1,0,0,58
127.891,0,0,0,1,0,0,58
127.94,0,0,0,1,0,0,58
127.991,0,0,0,1,0,0,58
128.04,0,0,0,1,0,0,55
128.091,0,0,0,1,0,0,55
128.141,0,0,0,1,0,0,67
128.191,0,0,0,1,0,0,49
128.24,0,0,0,1,0,0,49
128.291,0,0,0,1,0,0,58
128.34,0,0,0,1,0,0,46
128.39,0,0,0,1,0,0,49
128.441,0,0,0,1,0,0,49
128.491,0,0,0,1,0,0,55
128.54,0,0,0,1,0,0,58
128.59,0,0,0,1,0,0,49
128.64,0,0,0,1,0,0,58
128.69,0,0,0,1,0,0,58
128.741,0,0,0,1,0,0,55
128.79,0,0,0,1,0,0,46
128.841,0,0,0,1,0,0,46
128.89,0,0,0,1,0,0,49
128.941,0,0,0,1,0,0,46
128.991,0,0,0,1,0,0,46
129.04,0,0,0,1,0,0,55
129.09,0,0,0,1,0,0,49
129.141,0,0,0,1,0,0,67
129.19,0,0,0,1,0,0,46
129.241,0,0,0,1,0,0,58
129.29,0,0,0,1,0,0,52
129.34,0,0,0,1,0,0,58
129.39,0,0,0,1,0,0,46
129.441,0,0,0,1,0,0,46
129.49,0,0,0,1,0,0,58
129.541,0,0,0,1,0,0,46
129.591,0,0,0,1,0,0,43
129.64,0,0,0,1,0,0,46
129.69,0,0,0,1,0,0,46
129.74,0,0,0,1,0,0,46
129.79,0,0,0,1,0,0,61
129.841,0,0,0,1,0,0,58
129.89,0,0,0,1,0,0,49
129.94,0,0,0,1,0,0,58
129.99,0,0,0,1,0,0,52
130.041,0,0,0,1,0,0,49
130.09,0,0,0,1,0,0,49
130.141,0,0,0,1,0,0,58
130.19,0,0,0,1,0,0,61
130.241,0,0,0,1,0,0,49
130.29,0,0,0,1,0,0,58
130.342,0,0,0,1,0,0,49
130.392,0,0,0,1,0,0,49
130.441,0,0,0,1,0,0,46
130.49,0,0,0,1,0,0,58
130.54,0,0,0,1,0,0,43
130.591,0,0,0,1,0,0,43
130.64,0,0,0,1,0,0,55
130.691,0,0,0,1,0,0,52
130.74,0,0,0,1,0,0,52
130.79,0,0,0,1,0,0,58
130.84,0,0,0,1,0,0,55
130.89,0,0,0,1,0,0,70
130.941,0,0,0,1,0,0,46
130.99,0,0,0,1,0,0,46
131.041,0,0,0,1,0,0,49
131.091,0,0,0,1,0,0,58
131.14,0,0,0,1,0,0,58
131.191,0,0,0,1,0,0,49
131.24,0,0,0,1,0,0,58
131.29,0,0,0,1,0,0,55
131.34,0,0,0,1,0,0,49
131.39,0,0,0,1,0,0,49
131.441,0,0,0,1,0,0,49
131.49,0,0,0,1,0,0,58
131.54,0,0,0,1,0,0,58
131.59,0,0,0,1,0,0,58
131.64,0,0,0,1,0,0,43
131.69,0,0,0,1,0,0,58
131.741,0,0,0,1,0,0,55
131.79,0,0,0,1,0,0,58
131.84,0,0,0,1,0,0,58
131.89,0,0,0,1,0,0,49
131.941,0,0,0,1,0,0,49
131.99,0,0,0,1,0,0,49
132.04,0,0,0,1,0,0,58
132.09,0,0,0,1,0,0,46
132.141,0,0,0,1,0,0,58
132.19,0,0,0,1,0,0,49
132.24,0,0,0,1,0,0,46
132.291,0,0,0,1,0,0,49
132.34,0,0,0,1,0,0,49
132.391,0,0,0,1,0,0,49
132.441,0,0,0,1,0,0,58
132.49,0,0,0,1,0,0,58
132.541,0,0,0,1,0,0,49
132.59,0,0,0,1,0,0,61
132.64,0,0,0,1,0,0,46
132.691,0,0,0,1,0,0,49
132.74,0,0,0,1,0,0,49
132.79,0,0,0,1,0,0,58
132.84,0,0,0,1,0,0,46
132.89,0,0,0,1,0,0,49
132.94,0,0,0,1,0,0,58
132.99,0,0,0,1,0,0,46
133.041,0,0,0,1,0,0,46
133.091,0,0,0,1,0,0,43
133.14,0,0,0,1,0,0,46
133.19,0,0,0,1,0,0,58
133.24,0,0,0,1,0,0,46
133.291,0,0,0,1,0,0,55
133.34,0,0,0,1,0,0,58
133.39,0,0,0,1,0,0,49
133.44,0,0,0,1,0,0,49
133.49,0,0,0,1,0,0,58
133.541,0,0,0,1,0,0,52
133.59,0,0,0,1,0,0,49
133.64,0,0,0,1,0,0,46
133.691,0,0,0,1,0,0,58
133.74,0,0,0,1,0,0,49
133.791,0,0,0,1,0,0,55
133.84,0,0,0,1,0,0,58
133.89,0,0,0,1,0,0,46
133.94,0,0,0,1,0,0,49
133.99,0,0,0,1,0,0,49
134.04,0,0,0,1,0,0,58
134.09,0,0,0,1,0,0,55
134.14,0,0,0,1,0,0,46
134.19,0,0,0,1,0,0,49
134.24,0,0,0,1,0,0,58
134.291,0,0,0,1,0,0,46
134.34,0,0,0,1,0,0,52
134.39,0,0,0,1,0,0,55
134.442,0,0,0,1,0,0,55
134.49,0,0,0,1,0,0,58
134.54,0,0,0,1,0,0,58
134.59,0,0,0,1,0,0,58
134.64,0,0,0,1,0,0,49
134.69,0,0,0,1,0,0,49
134.74,0,0,0,1,0,0,49
134.79,0,0,0,1,0,0,52
134.84,0,0,0,1,0,0,55
134.89,0,0,0,1,0,0,58
134.94,0,0,0,1,0,0,55
134.99,0,0,0,1,0,0,58
135.04,0,0,0,1,0,0,58
135.09,0,0,0,1,0,0,52
135.141,0,0,0,1,0,0,46
135.19,0,0,0,1,0,0,64
135.241,0,0,0,1,0,0,58
135.29,0,0,0,1,0,0,43
135.34,0,0,0,1,0,0,49
135.39,0,0,0,1,0,0,52
135.44,0,0,0,1,0,0,52
135.49,0,0,0,1,0,0,52
135.54,0,0,0,1,0,0,52
135.59,0,0,0,1,0,0,55
135.641,0,0,0,1,0,0,46
135.691,0,0,0,1,0,0,58
135.741,0,0,0,1,0,0,52
135.791,0,0,0,1,0,0,58
135.841,0,0,0,1,0,0,49
135.89,0,0,0,1,0,0,46
135.94,0,0,0,1,0,0,55
135.991,0,0,0,1,0,0,55
136.04,0,0,0,1,0,0,52
136.09,0,0,0,1,0,0,58
136.141,0,0,0,1,0,0,49
136.191,0,0,0,1,0,0,55
136.241,0,0,0,1,0,0,43
136.29,0,0,0,1,0,0,67
136.34,0,0,0,1,0,0,49
136.39,0,0,0,1,0,0,46
136.44,0,0,0,1,0,0,58
136.49,0,0,0,1,0,0,52
136.54,0,0,0,1,0,0,58
136.59,0,0,0,1,0,0,58
136.641,0,0,0,1,0,0,58
136.69,0,0,0,1,0,0,49
136.74,0,0,0,1,0,0,49
136.79,0,0,0,1,0,0,52
136.84,0,0,0,1,0,0,67
136.89,0,0,0,1,0,0,58
136.94,0,0,0,1,0,0,58
136.991,0,0,0,1,0,0,46
137.04,0,0,0,1,0,0,49
137.089,0,0,0,1,0,0,52
137.14,0,0,0,1,0,0,49
137.19,0,0,0,1,0,0,49
137.241,0,0,0,1,0,0,49
137.29,0,0,0,1,0,0,49
137.34,0,0,0,1,0,0,58
137.39,0,0,0,1,0,0,49
137.441,0,0,0,1,0,0,55
137.49,0,0,0,1,0,0,46
137.54,0,0,0,1,0,0,58
137.591,0,0,0,1,0,0,52
137.641,0,0,0,1,0,0,70
137.69,0,0,0,1,0,0,49
137.74,0,0,0,1,0,0,49
137.79,0,0,0,1,0,0,49
137.841,0,0,0,1,0,0,46
137.89,0,0,0,1,0,0,58
137.94,0,0,0,1,0,0,55
137.99,0,0,0,1,0,0,58
138.04,0,0,0,1,0,0,61
138.09,0,0,0,1,0,0,49
138.14,0,0,0,1,0,0,52
138.19,0,0,0,1,0,0,46
138.24,0,0,0,1,0,0,46
138.29,0,0,0,1,0,0,49
138.341,0,0,0,1,0,0,49
138.39,0,0,0,1,0,0,49
138.441,0,0,0,1,0,0,58
138.49,0,0,0,1,0,0,58
138.54,0,0,0,1,0,0,55
138.59,0,0,0,1,0,0,49
138.64,0,0,0,1,0,0,49
138.69,0,0,0,1,0,0,58
138.741,0,0,0,1,0,0,49
138.79,0,0,0,1,0,0,58
138.84,0,0,0,1,0,0,58
138.89,0,0,0,1,0,0,55
138.94,0,0,0,1,0,0,40
138.99,0,0,0,1,0,0,46
139.04,0,0,0,1,0,0,58
139.09,0,0,0,1,0,0,49
139.141,0,0,0,1,0,0,49
139.19,0,0,0,1,0,0,49
139.24,0,0,0,1,0,0,49
139.29,0,0,0,1,0,0,49
139.34,0,0,0,1,0,0,49
139.39,0,0,0,1,0,0,52
139.44,0,0,0,1,0,0,58
139.49,0,0,0,1,0,0,55
139.54,0,0,0,1,0,0,58
139.59,0,0,0,1,0,0,64
139.64,0,0,0,1,0,0,58
139.69,0,0,0,1,0,0,61
139.74,0,0,0,1,0,0,55
139.79,0,0,0,1,0,0,58
139.84,0,0,0,1,0,0,52
139.89,0,0,0,1,0,0,58
139.94,0,0,0,1,0,0,49
139.99,0,0,0,1,0,0,58
140.04,0,0,0,1,0,0,58
140.09,0,0,0,1,0,0,49
140.14,0,0,0,1,0,0,46
140.191,0,0,0,1,0,0,49
140.24,0,0,0,1,0,0,49
140.29,0,0,0,1,0,0,46
140.34,0,0,0,1,0,0,49
140.39,0,0,0,1,0,0,58
140.44,0,0,0,1,0,0,58
140.49,0,0,0,1,0,0,46
140.54,0,0,0,1,0,0,55
140.59,0,0,0,1,0,0,46
140.64,0,0,0,1,0,0,52
140.69,0,0,0,1,0,0,49
140.74,0,0,0,1,0,0,58
140.791,0,0,0,1,0,0,55
140.84,0,0,0,1,0,0,49
140.89,0,0,0,2,0,0,58
140.94,0,0,0,2,2,0,52
140.99,0,0,0,2,2,0,49
141.04,0,0,0,2,2,0,43
141.089,0,0,0,2,2,0,55
141.14,0,0,0,2,2,0,55
141.19,0,0,0,2,2,0,55
141.24,0,0,0,2,2,0,58
141.29,0,0,0,2,2,0,40
141.34,0,0,0,2,2,0,58
141.39,0,0,0,2,2,0,58
141.441,0,0,0,2,2,0,46
141.49,0,0,0,2,2,0,49
141.54,0,0,0,2,2,0,64
141.59,0,0,0,2,2,0,52
141.64,0,0,0,2,2,0,49
141.691,0,0,0,2,2,0,40
141.74,0,0,0,2,2,0,67
141.79,0,0,0,2,2,0,49
141.84,0,0,0,2,2,0,46
141.89,0,0,0,2,2,0,46
141.94,0,0,0,2,2,0,43
141.99,0,0,0,2,2,0,49
142.041,0,0,0,2,2,0,58
142.09,0,0,0,2,2,0,55
142.14,0,0,0,2,2,0,52
142.19,0,0,0,2,2,0,58
142.241,0,0,0,2,2,0,61
142.29,0,0,0,2,2,0,70
142.34,0,0,0,2,2,0,55
142.39,0,0,0,2,2,0,58
142.44,0,0,0,2,2,0,49
142.49,0,0,0,2,2,0,49
142.54,0,0,0,2,2,0,49
142.59,0,0,0,2,2,0,49
142.64,0,0,0,2,2,0,49
142.69,0,0,0,2,2,0,58
142.74,0,0,0,2,2,0,58
142.79,0,0,0,2,2,0,76
142.84,0,0,0,2,2,0,49
142.89,0,0,0,2,2,0,67
142.94,0,0,0,2,2,0,55
142.99,0,0,0,2,2,0,55
143.041,0,0,0,2,2,0,49
143.09,0,0,0,2,2,0,52
143.14,0,0,0,2,2,0,58
143.19,0,0,0,2,2,0,55
143.24,0,0,0,2,2,0,58
143.29,0,0,0,2,2,0,46
143.34,0,0,0,2,2,0,58
143.39,0,0,0,2,2,0,49
143.443,0,0,0,2,2,0,37
143.49,0,0,0,2,2,0,70
143.54,0,0,0,2,2,0,58
143.59,0,0,0,2,2,0,55
143.64,0,0,0,2,2,0,55
143.69,0,0,0,2,2,0,58
143.74,0,0,0,2,2,0,58
143.79,0,0,0,2,2,0,52
143.84,0,0,0,2,2,0,73
143.89,0,0,0,2,2,0,52
143.94,0,0,0,2,2,0,58
143.991,0,0,0,2,2,0,37
144.04,0,0,0,2,2,0,49
144.09,0,0,0,2,2,0,55
144.141,0,0,0,2,2,0,58
144.19,0,0,0,2,2,0,58
144.24,0,0,0,2,2,0,64
144.29,0,0,0,2,2,0,55
144.34,0,0,0,2,2,0,58
144.39,0,0,0,2,2,0,43
144.44,0,0,0,2,2,0,55
144.49,0,0,0,2,2,0,55
144.54,0,0,0,2,2,0,49
144.589,0,0,0,2,2,0,40
144.64,0,0,0,2,2,0,46
144.69,0,0,0,2,2,0,49
144.74,0,0,0,2,2,0,55
144.79,0,0,0,2,2,0,70
144.84,0,0,0,2,2,0,46
144.89,0,0,0,2,2,0,70
144.94,0,0,0,2,2,0,55
144.99,0,0,0,2,2,0,58
145.04,0,0,0,2,2,0,55
145.09,0,0,0,2,2,0,52
145.14,0,0,0,2,2,0,49
145.19,0,0,0,2,2,0,70
145.241,0,0,0,2,2,0,58
145.291,0,0,0,2,2,0,76
145.34,0,0,0,2,2,0,49
145.39,0,0,0,2,2,0,49
145.44,0,0,0,2,2,0,46
145.49,0,0,0,2,2,0,52
145.54,0,0,0,2,2,0,49
145.591,0,0,0,2,2,0,55
145.64,0,0,0,2,2,0,49
145.69,0,0,0,2,2,0,55
145.74,0,0,0,2,2,0,49
145.79,0,0,0,2,2,0,52
145.84,0,0,0,2,2,0,52
145.889,0,0,0,2,2,0,58
145.941,0,0,0,2,2,0,55
145.99,0,0,0,2,2,0,52
146.041,0,0,0,2,2,0,58
146.09,0,0,0,2,2,0,64
146.14,0,0,0,2,2,0,64
146.19,0,0,0,2,2,0,52
146.241,0,0,0,2,2,0,46
146.29,0,0,0,2,2,0,55
146.34,0,0,0,2,2,0,49
146.39,0,0,0,2,2,0,49
146.441,0,0,0,2,2,0,58
146.491,0,0,0,2,2,0,49
146.541,0,0,0,2,2,0,55
146.59,0,0,0,2,2,0,43
146.64,0,0,0,2,2,0,49
146.69,0,0,0,2,2,0,55
146.74,0,0,0,2,2,0,55
146.793,0,0,0,2,2,0,49
146.84,0,0,0,2,2,0,61
146.89,0,0,0,2,2,0,58
146.94,0,0,0,2,2,0,55
146.99,0,0,0,2,2,0,58
147.04,0,0,0,2,2,0,52
147.09,0,0,0,2,2,0,61
147.14,0,0,0,2,2,0,58
147.19,0,0,0,2,2,0,61
147.24,0,0,0,2,2,0,52
147.289,0,0,0,2,2,0,49
147.34,0,0,0,2,2,0,52
147.39,0,0,0,2,2,0,52
147.44,0,0,0,2,2,0,49
147.49,0,0,0,2,2,0,46
147.54,0,0,0,2,2,0,52
147.59,0,0,0,2,2,0,55
147.64,0,0,0,2,2,0,52
147.69,0,0,0,2,2,0,40
147.74,0,0,0,2,2,0,58
147.79,0,0,0,2,2,0,67
147.84,0,0,0,2,2,0,49
147.89,0,0,0,2,2,0,43
147.94,0,0,0,2,2,0,58
147.99,0,0,0,2,2,0,55
148.04,0,0,0,2,2,0,46
148.09,0,0,0,2,2,0,58
148.14,0,0,0,2,2,0,46
148.19,0,0,0,2,2,0,49
148.243,0,0,0,2,2,0,58
148.29,0,0,0,2,2,0,64
148.34,0,0,0,2,2,0,49
148.39,0,0,0,2,2,0,40
148.44,0,0,0,2,2,0,58
148.49,0,0,0,2,2,0,58
148.54,0,0,0,2,2,0,43
148.59,0,0,0,2,2,0,58
148.64,0,0,0,2,2,0,58
148.69,0,0,0,2,2,0,46
148.741,0,0,0,2,2,0,43
148.79,0,0,0,2,2,0,55
148.84,0,0,0,2,2,0,49
148.889,0,0,0,2,2,0,52
148.941,0,0,0,2,2,0,46
148.99,0,0,0,2,2,0,49
149.04,0,0,0,2,2,0,58
149.09,0,0,0,2,2,0,52
149.14,0,0,0,2,2,0,58
149.191,0,0,0,2,2,0,49
149.24,0,0,0,2,2,0,55
149.29,0,0,0,2,2,0,46
149.34,0,0,0,2,2,0,46
149.39,0,0,0,2,2,0,58
149.44,0,0,0,2,2,0,52
149.49,0,0,0,2,2,0,76
149.541,0,0,0,2,2,0,52
149.589,0,0,0,2,2,0,58
149.64,0,0,0,2,2,0,40
149.69,0,0,0,2,2,0,46
149.74,0,0,0,2,2,0,40
149.79,0,0,0,2,2,0,58
149.84,0,0,0,2,2,0,55
149.89,0,0,0,2,2,0,46
149.94,0,0,0,2,2,0,70
149.99,0,0,0,2,2,0,58
150.041,0,0,0,2,2,0,46
150.091,0,0,0,2,2,0,55
150.14,0,0,0,2,2,0,49
150.19,0,0,0,2,2,0,58
150.241,0,0,0,2,2,0,49
150.29,0,0,0,2,2,0,58
150.34,0,0,0,2,2,0,49
150.391,0,0,0,2,2,0,58
150.44,0,0,0,2,2,0,52
150.49,0,0,0,2,2,0,58
150.54,0,0,0,2,2,0,55
150.59,0,0,0,2,2,0,61
150.64,0,0,0,2,2,0,43
150.69,0,0,0,2,2,0,70
150.74,0,0,0,2,2,0,76
150.791,0,0,0,2,2,0,58
150.84,0,0,0,2,2,0,52
150.89,0,0,0,2,2,0,52
150.94,0,0,0,2,2,0,76
150.99,0,0,0,2,2,0,52
151.04,0,0,0,2,2,0,55
151.09,0,0,0,2,2,0,55
151.14,0,0,0,2,2,0,52
151.189,0,0,0,2,2,0,55
151.24,0,0,0,2,2,0,58
151.29,0,0,0,2,2,0,61
151.34,0,0,0,2,2,0,58
151.39,0,0,0,2,2,0,37
151.441,0,0,0,2,2,0,49
151.49,0,0,0,2,2,0,52
151.54,0,0,0,2,2,0,55
151.591,0,0,0,2,2,0,49
151.64,0,0,0,2,2,0,52
151.69,0,0,0,2,2,0,49
151.74,0,0,0,2,2,0,61
151.79,0,0,0,2,2,0,61
151.84,0,0,0,2,2,0,52
151.89,0,0,0,2,2,0,58
151.94,0,0,0,2,2,0,49
151.99,0,0,0,2,2,0,58
152.04,0,0,0,2,2,0,58
152.09,0,0,0,2,2,0,67
152.14,0,0,0,2,2,0,46
152.19,0,0,0,2,2,0,49
152.24,0,0,0,2,2,0,43
152.29,0,0,0,2,2,0,61
152.34,0,0,0,2,2,0,52
152.39,0,0,0,2,2,0,70
152.44,0,0,0,2,2,0,46
152.49,0,0,0,2,2,0,52
152.54,0,0,0,2,2,0,58
152.59,0,0,0,2,2,0,52
152.64,0,0,0,2,2,0,70
152.69,0,0,0,2,2,0,34
152.74,0,0,0,2,2,0,37
152.79,0,0,0,2,2,0,82
152.84,0,0,0,2,2,0,70
152.89,0,0,0,2,2,0,58
152.94,0,0,0,2,2,0,52
152.99,0,0,0,2,2,0,58
153.04,0,0,0,2,2,0,37
153.09,0,0,0,2,2,0,49
153.141,0,0,0,2,2,0,58
153.194,0,0,0,2,2,0,58
153.24,0,0,0,2,2,0,58
153.29,0,0,0,2,2,0,58
153.34,0,0,0,2,2,0,46
153.39,0,0,0,2,2,0,67
153.44,0,0,0,2,2,0,61
153.49,0,0,0,2,2,0,70
153.541,0,0,0,2,2,0,58
153.59,0,0,0,2,2,0,55
153.641,0,0,0,2,2,0,58
153.69,0,0,0,2,2,0,46
153.74,0,0,0,2,2,0,49
153.79,0,0,0,2,2,0,40
153.84,0,0,0,2,2,0,52
153.89,0,0,0,2,2,0,52
153.941,0,0,0,2,2,0,52
153.99,0,0,0,2,2,0,55
154.04,0,0,0,2,2,0,49
154.09,0,0,0,2,2,0,64
154.14,0,0,0,2,2,0,58
154.19,0,0,0,2,2,0,67
154.241,0,0,0,2,2,0,49
154.291,0,0,0,2,2,0,52
154.34,0,0,0,2,2,0,58
154.39,0,0,0,2,2,0,49
154.44,0,0,0,2,2,0,58
154.49,0,0,0,2,2,0,49
154.54,0,0,0,2,2,0,79
154.59,0,0,0,2,2,0,49
154.64,0,0,0,2,2,0,40
154.69,0,0,0,2,2,0,46
154.74,0,0,0,2,2,0,55
154.79,0,0,0,2,2,0,49
154.84,0,0,0,2,2,0,52
154.89,0,0,0,2,2,0,49
154.94,0,0,0,2,2,0,58
154.99,0,0,0,2,2,0,61
155.04,0,0,0,2,2,0,55
155.09,0,0,0,2,2,0,43
155.14,0,0,0,2,2,0,37
155.19,0,0,0,2,2,0,55
155.24,0,0,0,2,2,0,55
155.289,0,0,0,2,2,0,61
155.341,0,0,0,2,2,0,52
155.39,0,0,0,2,2,0,40
155.44,0,0,0,2,2,0,46
155.49,0,0,0,2,2,0,43
155.54,0,0,0,2,2,0,58
155.59,0,0,0,2,2,0,52
155.64,0,0,0,2,2,0,49
155.69,0,0,0,2,2,0,55
155.741,0,0,0,2,2,0,61
155.79,0,0,0,2,2,0,52
155.84,0,0,0,2,2,0,58
155.89,0,0,0,2,2,0,55
155.94,0,0,0,2,2,0,49
155.989,0,0,0,2,2,0,61
156.04,0,0,0,2,2,0,55
156.09,0,0,0,2,2,0,58
156.14,0,0,0,2,2,0,58
156.189,0,0,0,2,2,0,64
156.241,0,0,0,2,2,0,37
156.29,0,0,0,2,2,0,67
156.34,0,0,0,2,2,0,43
156.39,0,0,0,2,2,0,58
156.44,0,0,0,2,2,0,58
156.49,0,0,0,2,2,0,58
156.54,0,0,0,2,2,0,43
156.59,0,0,0,2,2,0,49
156.64,0,0,0,2,2,0,49
156.69,0,0,0,2,2,0,46
156.74,0,0,0,2,2,0,58
156.79,0,0,0,2,2,0,58
156.84,0,0,0,2,2,0,55
156.89,0,0,0,2,2,0,58
156.94,0,0,0,2,2,0,58
156.989,0,0,0,2,2,0,70
157.04,0,0,0,2,2,0,67
157.09,0,0,0,2,2,0,58
157.14,0,0,0,2,2,0,61
157.19,0,0,0,2,2,0,61
157.24,0,0,0,2,2,0,49
157.29,0,0,0,2,2,0,40
157.34,0,0,0,2,2,0,52
157.39,0,0,0,2,2,0,52
157.44,0,0,0,2,2,0,58
157.49,0,0,0,2,2,0,49
157.54,0,0,0,2,2,0,40
157.59,0,0,0,2,2,0,49
157.64,0,0,0,2,2,0,61
157.69,0,0,0,2,2,0,55
157.74,0,0,0,2,2,0,58
157.79,0,0,0,2,2,0,49
157.84,0,0,0,2,2,0,46
157.89,0,0,0,2,2,0,61
157.94,0,0,0,2,2,0,46
157.99,0,0,0,2,2,0,58
158.04,0,0,0,2,2,0,55
158.09,0,0,0,2,2,0,49
158.141,0,0,0,2,2,0,58
158.191,0,0,0,2,2,0,61
158.24,0,0,0,2,2,0,58
158.29,0,0,0,2,2,0,55
158.34,0,0,0,2,2,0,49
158.39,0,0,0,2,2,0,37
158.44,0,0,0,2,2,0,49
158.489,0,0,0,2,2,0,46
158.541,0,0,0,2,2,0,52
158.59,0,0,0,2,2,0,49
158.64,0,0,0,2,2,0,49
158.69,0,0,0,2,2,0,82
158.74,0,0,0,2,2,0,58
158.79,0,0,0,2,2,0,58
158.84,0,0,0,2,2,0,52
158.89,0,0,0,2,2,0,52
158.941,0,0,0,2,2,0,58
158.99,0,0,0,2,2,0,52
159.04,0,0,0,2,2,0,58
159.09,0,0,0,2,2,0,49
159.14,0,0,0,2,2,0,46
159.19,0,0,0,2,2,0,67
159.24,0,0,0,2,2,0,58
159.29,0,0,0,2,2,0,58
159.34,0,0,0,2,2,0,49
159.39,0,0,0,2,2,0,40
159.439,0,0,0,2,2,0,40
159.49,0,0,0,2,2,0,55
159.541,0,0,0,2,2,0,52
159.589,0,0,0,2,2,0,58
159.64,0,0,0,2,2,0,55
159.69,0,0,0,2,2,0,58
159.74,0,0,0,2,2,0,55
159.79,0,0,0,2,2,0,52
159.84,0,0,0,2,2,0,61
159.891,0,0,0,2,2,0,49
159.94,0,0,0,2,2,0,43
159.99,0,0,0,2,2,0,55
160.04,0,0,0,2,2,0,55
160.09,0,0,0,2,2,0,43
160.141,0,0,0,2,2,0,49
160.189,0,0,0,2,2,0,61
160.24,0,0,0,2,2,0,52
160.29,0,0,0,2,2,0,64
160.34,0,0,0,2,2,0,49
160.39,0,0,0,2,2,0,49
160.441,0,0,0,2,2,0,58
160.491,0,0,0,2,2,0,58
160.541,0,0,0,2,2,0,46
160.59,0,0,0,2,2,0,49
160.64,0,0,0,2,2,0,64
160.69,0,0,0,2,2,0,52
160.74,0,0,0,2,2,0,49
160.79,0,0,0,2,2,0,46
160.841,0,0,0,2,2,0,58
160.89,0,0,0,2,2,0,67
160.94,0,0,0,2,2,0,58
160.989,0,0,0,2,2,0,49
161.04,0,0,0,2,2,0,58
161.09,0,0,0,2,2,0,70
161.141,0,0,0,2,2,0,40
161.19,0,0,0,2,2,0,37
161.24,0,0,0,2,2,0,49
161.29,0,0,0,2,2,0,58
161.34,0,0,0,2,2,0,43
161.39,0,0,0,2,2,0,55
161.44,0,0,0,2,2,0,52
161.489,0,0,0,2,2,0,43
161.54,0,0,0,2,2,0,58
161.59,0,0,0,2,2,0,70
161.64,0,0,0,2,2,0,55
161.69,0,0,0,2,2,0,52
161.74,0,0,0,2,2,0,64
161.79,0,0,0,2,2,0,52
161.839,0,0,0,2,2,0,46
161.89,0,0,0,2,2,0,52
161.94,0,0,0,2,2,0,67
161.989,0,0,0,2,2,0,49
162.04,0,0,0,2,2,0,40
162.09,0,0,0,2,2,0,49
162.14,0,0,0,2,2,0,58
162.19,0,0,0,2,2,0,49
162.24,0,0,0,2,2,0,52
162.29,0,0,0,2,2,0,43
162.34,0,0,0,2,2,0,40
162.389,0,0,0,2,2,0,52
162.44,0,0,0,2,2,0,46
162.49,0,0,0,2,2,0,61
162.54,0,0,0,2,2,0,49
162.59,0,0,0,2,2,0,46
162.639,0,0,0,2,2,0,49
162.689,0,0,0,2,2,0,58
162.74,0,0,0,2,2,0,46
162.789,0,0,0,2,2,0,49
162.84,0,0,0,2,2,0,49
162.89,0,0,0,2,2,0,49
162.94,0,0,0,2,2,0,55
162.99,0,0,0,2,2,0,58
163.041,0,0,0,2,2,0,49
163.091,0,0,0,2,2,0,52
163.141,0,0,0,2,2,0,70
163.19,0,0,0,2,2,0,61
163.24,0,0,0,2,2,0,43
163.29,0,0,0,2,2,0,52
163.34,0,0,0,2,2,0,52
163.391,0,0,0,2,2,0,58
163.44,0,0,0,2,2,0,49
163.49,0,0,0,2,2,0,46
163.54,0,0,0,2,2,0,58
163.589,0,0,0,2,2,0,49
163.64,0,0,0,2,2,0,61
163.689,0,0,0,2,2,0,49
163.739,0,0,0,2,2,0,49
163.79,0,0,0,2,2,0,64
163.84,0,0,0,2,2,0,55
163.89,0,0,0,2,2,0,55
163.94,0,0,0,2,2,0,58
163.99,0,0,0,2,2,0,37
164.04,0,0,0,2,2,0,46
164.09,0,0,0,2,2,0,55
164.14,0,0,0,2,2,0,67
164.19,0,0,0,2,2,0,52
164.24,0,0,0,2,2,0,49
164.289,0,0,0,2,2,0,55
164.341,0,0,0,2,2,0,58
164.389,0,0,0,2,2,0,55
164.44,0,0,0,2,2,0,52
164.49,0,0,0,2,2,0,34
164.541,0,0,0,2,2,0,49
164.589,0,0,0,2,2,0,49
164.64,0,0,0,2,2,0,67
164.689,0,0,0,2,2,0,46
164.74,0,0,0,2,2,0,55
164.79,0,0,0,2,2,0,40
164.84,0,0,0,2,2,0,61
164.889,0,0,0,2,2,0,52
164.94,0,0,0,2,2,0,58
164.99,0,0,0,2,2,0,46
165.04,0,0,0,2,2,0,55
165.09,0,0,0,2,2,0,61
165.141,0,0,0,2,2,0,61
165.19,0,0,0,2,2,0,58
165.24,0,0,0,2,2,0,58
165.29,0,0,0,2,2,0,58
165.34,0,0,0,2,2,0,52
165.389,0,0,0,2,2,0,52
165.44,0,0,0,2,2,0,61
165.49,0,0,0,2,2,0,67
165.54,0,0,0,2,2,0,52
165.589,0,0,0,2,2,0,61
165.64,0,0,0,2,2,0,55
165.689,0,0,0,2,2,0,49
165.74,0,0,0,2,2,0,49
165.79,0,0,0,2,2,0,55
165.84,0,0,0,2,2,0,58
165.89,0,0,0,2,2,0,52
165.94,0,0,0,2,2,0,55
165.989,0,0,0,2,2,0,52
166.04,0,0,0,2,2,0,58
166.09,0,0,0,2,2,0,55
166.14,0,0,0,2,2,0,58
166.19,0,0,0,2,2,0,40
166.24,0,0,0,2,2,0,49
166.29,0,0,0,2,2,0,55
166.34,0,0,0,2,2,0,58
166.39,0,0,0,2,2,0,58
166.44,0,0,0,2,2,0,58
166.49,0,0,0,2,2,0,64
166.54,0,0,0,2,2,0,58
166.589,0,0,0,2,2,0,46
166.64,0,0,0,2,2,0,49
166.69,0,0,0,2,2,0,43
166.74,0,0,0,2,2,0,70
166.79,0,0,0,2,2,0,52
166.84,0,0,0,2,2,0,37
166.889,0,0,0,2,2,0,40
166.94,0,0,0,2,2,0,49
166.989,0,0,0,2,2,0,49
167.04,0,0,0,2,2,0,55
167.09,0,0,0,2,2,0,55
167.14,0,0,0,2,2,0,58
167.19,0,0,0,2,2,0,55
167.24,0,0,0,2,2,0,52
167.289,0,0,0,2,2,0,55
167.34,0,0,0,2,2,0,67
167.389,0,0,0,2,2,0,70
167.44,0,0,0,2,2,0,61
167.489,0,0,0,2,2,0,49
167.54,0,0,0,2,2,0,46
167.59,0,0,0,2,2,0,67
167.64,0,0,0,2,2,0,49
167.689,0,0,0,2,2,0,40
167.74,0,0,0,2,2,0,55
167.79,0,0,0,2,2,0,46
167.84,0,0,0,2,2,0,49
167.89,0,0,0,2,2,0,49
167.94,0,0,0,2,2,0,61
167.99,0,0,0,2,2,0,55
168.04,0,0,0,2,2,0,58
168.09,0,0,0,2,2,0,28
168.14,0,0,0,2,2,0,55
168.19,0,0,0,2,2,0,55
168.24,0,0,0,2,2,0,55
168.29,0,0,0,2,2,0,52
168.34,0,0,0,2,2,0,43
168.39,0,0,0,2,2,0,49
168.44,0,0,0,2,2,0,58
168.49,0,0,0,2,2,0,58
168.54,0,0,0,2,2,0,46
168.59,0,0,0,2,2,0,61
168.639,0,0,0,2,2,0,55
168.69,0,0,0,2,2,0,58
168.739,0,0,0,2,2,0,49
168.79,0,0,0,2,2,0,46
168.84,0,0,0,2,2,0,46
168.89,0,0,0,2,2,0,55
168.939,0,0,0,2,2,0,67
168.99,0,0,0,2,2,0,43
169.044,0,0,0,2,2,0,58
169.09,0,0,0,2,2,0,52
169.14,0,0,0,2,2,0,61
169.19,0,0,0,2,2,0,61
169.24,0,0,0,2,2,0,52
169.29,0,0,0,2,2,0,61
169.34,0,0,0,2,2,0,58
169.389,0,0,0,2,2,0,58
169.44,0,0,0,2,2,0,37
169.49,0,0,0,2,2,0,49
169.54,0,0,0,2,2,0,58
169.59,0,0,0,2,2,0,37
169.64,0,0,0,2,2,0,49
169.69,0,0,0,2,2,0,61
169.74,0,0,0,2,2,0,55
169.789,0,0,0,2,2,0,61
169.84,0,0,0,2,2,0,52
169.89,0,0,0,2,2,0,46
169.94,0,0,0,2,2,0,49
169.99,0,0,0,2,2,0,43
170.04,0,0,0,2,2,0,49
170.09,0,0,0,2,2,0,52
170.139,0,0,0,2,2,0,52
170.189,0,0,0,2,2,0,67
170.24,0,0,0,2,2,0,70
170.29,0,0,0,2,2,0,46
170.34,0,0,0,2,2,0,58
170.389,0,0,0,2,2,0,52
170.44,0,0,0,2,2,0,46
170.49,0,0,0,2,2,0,49
170.54,0,0,0,2,2,0,52
170.59,0,0,0,2,2,0,58
170.64,0,0,0,2,2,0,49
170.689,0,0,0,2,2,0,52
170.739,0,0,0,2,2,0,55
170.789,0,0,0,2,2,0,61
170.84,0,0,0,2,2,0,61
170.89,0,0,0,2,2,0,37
170.94,0,0,0,2,2,0,49
170.989,0,0,0,2,2,0,58
171.04,0,0,0,2,2,0,58
171.09,0,0,0,2,2,0,61
171.14,0,0,0,2,2,0,52
171.189,0,0,0,2,2,0,49
171.24,0,0,0,2,2,0,55
171.29,0,0,0,2,2,0,40
171.34,0,0,0,2,2,0,58
171.39,0,0,0,2,2,0,64
171.44,0,0,0,2,2,0,58
171.489,0,0,0,2,2,0,49
171.54,0,0,0,2,2,0,55
171.589,0,0,0,2,2,0,46
171.64,0,0,0,2,2,0,49
171.69,0,0,0,2,2,0,49
171.739,0,0,0,2,2,0,49
171.79,0,0,0,2,2,0,40
171.84,0,0,0,2,2,0,55
171.89,0,0,0,2,2,0,46
171.94,0,0,0,2,2,0,58
171.99,0,0,0,2,2,0,46
172.04,0,0,0,2,2,0,46
172.089,0,0,0,2,2,0,58
172.14,0,0,0,2,2,0,49
172.19,0,0,0,2,2,0,58
172.24,0,0,0,2,2,0,55
172.289,0,0,0,2,2,0,49
172.34,0,0,0,2,2,0,43
172.389,0,0,0,2,2,0,43
172.44,0,0,0,2,2,0,58
172.489,0,0,0,2,2,0,58
172.54,0,0,0,2,2,0,37
172.589,0,0,0,2,2,0,61
172.64,0,0,0,2,2,0,49
172.69,0,0,0,2,2,0,55
172.739,0,0,0,2,2,0,46
172.79,0,0,0,2,2,0,49
172.84,0,0,0,2,2,0,55
172.89,0,0,0,2,2,0,55
172.94,0,0,0,2,2,0,40
172.99,0,0,0,2,2,0,43
173.04,0,0,0,2,2,0,58
173.09,0,0,0,2,2,0,58
173.139,0,0,0,2,2,0,49
173.19,0,0,0,2,2,0,52
173.24,0,0,0,2,2,0,55
173.289,0,0,0,2,2,0,76
173.339,0,0,0,2,2,0,58
173.389,0,0,0,2,2,0,49
173.44,0,0,0,2,2,0,43
173.49,0,0,0,2,2,0,61
173.54,0,0,0,2,2,0,55
173.59,0,0,0,2,2,0,46
173.64,0,0,0,2,2,0,46
173.69,0,0,0,2,2,0,43
173.74,0,0,0,2,2,0,55
173.79,0,0,0,2,2,0,52
173.839,0,0,0,2,2,0,40
173.889,0,0,0,2,2,0,55
173.94,0,0,0,2,2,0,67
173.989,0,0,0,2,2,0,55
174.04,0,0,0,2,2,0,58
174.09,0,0,0,2,2,0,55
174.14,0,0,0,2,2,0,46
174.19,0,0,0,2,2,0,46
174.24,0,0,0,2,2,0,49
174.29,0,0,0,2,2,0,46
174.34,0,0,0,2,2,0,49
174.389,0,0,0,2,2,0,55
174.44,0,0,0,2,2,0,46
174.49,0,0,0,2,2,0,46
174.54,0,0,0,2,2,0,52
174.59,0,0,0,2,2,0,49
174.639,0,0,0,2,2,0,64
174.69,0,0,0,2,2,0,49
174.739,0,0,0,2,2,0,46
174.789,0,0,0,2,2,0,58
174.839,0,0,0,2,2,0,37
174.89,0,0,0,2,2,0,55
174.939,0,0,0,2,2,0,58
174.99,0,0,0,2,2,0,46
175.04,0,0,0,2,2,0,58
175.09,0,0,0,2,2,0,49
175.139,0,0,0,2,2,0,58
175.189,0,0,0,2,2,0,52
175.239,0,0,0,2,2,0,49
175.29,0,0,0,2,2,0,49
175.34,0,0,0,2,2,0,55
175.39,0,0,0,2,2,0,58
175.439,0,0,0,2,2,0,55
175.49,0,0,0,2,2,0,49
175.54,0,0,0,2,2,0,49
175.59,0,0,0,2,2,0,55
175.64,0,0,0,2,2,0,61
175.689,0,0,0,2,2,0,49
175.74,0,0,0,2,2,0,52
175.789,0,0,0,2,2,0,49
175.84,0,0,0,2,2,0,49
175.89,0,0,0,2,2,0,58
175.939,0,0,0,2,2,0,61
175.99,0,0,0,2,2,0,49
176.04,0,0,0,2,2,0,76
176.089,0,0,0,2,2,0,49
176.139,0,0,0,2,2,0,49
176.189,0,0,0,2,2,0,43
176.239,0,0,0,2,2,0,55
176.29,0,0,0,2,2,0,49
176.339,0,0,0,2,2,0,49
176.389,0,0,0,2,2,0,58
176.439,0,0,0,2,2,0,52
176.49,0,0,0,2,2,0,37
176.54,0,0,0,2,2,0,58
176.589,0,0,0,2,2,0,43
176.64,0,0,0,2,2,0,73
176.689,0,0,0,2,2,0,58
176.74,0,0,0,2,2,0,52
176.79,0,0,0,2,2,0,46
176.84,0,0,0,2,2,0,49
176.889,0,0,0,2,2,0,52
176.94,0,0,0,2,2,0,52
176.989,0,0,0,2,2,0,49
177.04,0,0,0,2,2,0,55
177.09,0,0,0,2,2,0,55
177.14,0,0,0,2,2,0,49
177.19,0,0,0,2,2,0,49
177.24,0,0,0,2,2,0,46
177.29,0,0,0,2,2,0,61
177.34,0,0,0,2,2,0,37
177.389,0,0,0,2,2,0,52
177.44,0,0,0,2,2,0,58
177.49,0,0,0,2,2,0,61
177.539,0,0,0,2,2,0,49
177.59,0,0,0,2,2,0,37
177.64,0,0,0,2,2,0,55
177.69,0,0,0,2,2,0,46
177.74,0,0,0,2,2,0,61
177.789,0,0,0,2,2,0,49
177.84,0,0,0,2,2,0,52
177.889,0,0,0,2,2,0,94
177.94,0,0,0,2,2,0,43
177.99,0,0,0,2,2,0,58
178.039,0,0,0,2,2,0,46
178.089,0,0,0,2,2,0,58
178.139,0,0,0,2,2,0,58
178.189,0,0,0,2,2,0,46
178.24,0,0,0,2,2,0,58
178.29,0,0,0,2,2,0,55
178.34,0,0,0,2,2,0,55
178.389,0,0,0,2,2,0,49
178.44,0,0,0,2,2,0,55
178.489,0,0,0,2,2,0,55
178.54,0,0,0,2,2,0,55
178.589,0,0,0,2,2,0,43
178.639,0,0,0,2,2,0,49
178.689,0,0,0,2,2,0,58
178.739,0,0,0,2,2,0,70
178.789,0,0,0,2,2,0,52
178.84,0,0,0,2,2,0,58
178.889,0,0,0,2,2,0,52
178.94,0,0,0,2,2,0,46
178.989,0,0,0,2,2,0,52
179.039,0,0,0,2,2,0,49
179.089,0,0,0,2,2,0,49
179.139,0,0,0,2,2,0,58
179.19,0,0,0,2,2,0,49
179.24,0,0,0,2,2,0,43
179.29,0,0,0,2,2,0,49
179.34,0,0,0,2,2,0,64
179.389,0,0,0,2,2,0,49
179.44,0,0,0,2,2,0,70
179.49,0,0,0,2,2,0,58
179.539,0,0,0,2,2,0,58
179.589,0,0,0,2,2,0,58
179.639,0,0,0,2,2,0,55
179.69,0,0,0,2,2,0,61
179.74,0,0,0,2,2,0,58
179.79,0,0,0,2,2,0,43
179.84,0,0,0,2,2,0,52
179.889,0,0,0,2,2,0,55
179.94,0,0,0,2,2,0,55
179.99,0,0,0,2,2,0,61
180.04,0,0,0,2,2,0,70
180.09,0,0,0,2,2,0,52
180.14,0,0,0,2,2,0,49
180.19,0,0,0,2,2,0,61
180.24,0,0,0,2,2,0,58
180.29,0,0,0,2,2,0,58
180.34,0,0,0,2,2,0,58
180.39,0,0,0,2,2,0,52
180.44,0,0,0,2,2,0,52
180.49,0,0,0,2,2,0,37
180.54,0,0,0,2,2,0,46
180.59,0,0,0,2,2,0,49
180.64,0,0,0,2,2,0,52
180.69,0,0,0,2,2,0,40
180.74,0,0,0,2,2,0,70
180.789,0,0,0,2,2,0,52
180.84,0,0,0,2,2,0,58
180.89,0,0,0,2,2,0,52
180.94,0,0,0,2,2,0,49
180.99,0,0,0,2,2,0,49
181.04,0,0,0,2,2,0,49
181.089,0,0,0,2,2,0,58
181.14,0,0,0,2,2,0,49
181.19,0,0,0,2,2,0,58
181.24,0,0,0,2,2,0,58
181.29,0,0,0,2,2,0,58
181.34,0,0,0,2,2,0,58
181.389,0,0,0,2,2,0,52
181.439,0,0,0,2,2,0,58
181.489,0,0,0,2,2,0,67
181.54,0,0,0,2,2,0,52
181.59,0,0,0,2,2,0,46
181.64,0,0,0,2,2,0,67
181.689,0,0,0,2,2,0,49
181.74,0,0,0,2,2,0,49
181.789,0,0,0,2,2,0,52
181.839,0,0,0,2,2,0,49
181.889,0,0,0,2,2,0,46
181.939,0,0,0,2,2,0,55
181.99,0,0,0,2,2,0,64
182.039,0,0,0,2,2,0,58
182.089,0,0,0,2,2,0,46
182.14,0,0,0,2,2,0,55
182.189,0,0,0,2,2,0,61
182.24,0,0,0,2,2,0,52
182.289,0,0,0,2,2,0,61
182.339,0,0,0,2,2,0,58
182.389,0,0,0,2,2,0,49
182.439,0,0,0,2,2,0,52
182.489,0,0,0,2,2,0,43
182.539,0,0,0,2,2,0,49
182.589,0,0,0,2,2,0,43
182.64,0,0,0,2,2,0,49
182.69,0,0,0,2,2,0,73
182.739,0,0,0,2,2,0,55
182.789,0,0,0,2,2,0,49
182.839,0,0,0,2,2,0,52
182.889,0,0,0,2,2,0,61
182.94,0,0,0,2,2,0,40
182.99,0,0,0,2,2,0,46
183.039,0,0,0,2,2,0,52
183.089,0,0,0,2,2,0,49
183.14,0,0,0,2,2,0,52
183.189,0,0,0,2,2,0,43
183.239,0,0,0,2,2,0,49
183.289,0,0,0,2,2,0,52
183.34,0,0,0,2,2,0,40
183.389,0,0,0,2,2,0,70
183.44,0,0,0,2,2,0,52
183.49,0,0,0,2,2,0,55
183.54,0,0,0,2,2,0,49
183.589,0,0,0,2,2,0,58
183.64,0,0,0,2,2,0,67
183.69,0,0,0,2,2,0,49
183.74,0,0,0,2,2,0,49
183.789,0,0,0,2,2,0,61
183.84,0,0,0,2,2,0,49
183.889,0,0,0,2,2,0,49
183.94,0,0,0,2,2,0,52
183.989,0,0,0,2,2,0,49
184.04,0,0,0,2,2,0,43
184.09,0,0,0,2,2,0,58
184.139,0,0,0,2,2,0,49
184.189,0,0,0,2,2,0,49
184.24,0,0,0,2,2,0,52
184.289,0,0,0,2,2,0,43
184.34,0,0,0,2,2,0,73
184.389,0,0,0,2,2,0,58
184.44,0,0,0,2,2,0,49
184.489,0,0,0,2,2,0,58
184.54,0,0,0,2,2,0,49
184.589,0,0,0,2,2,0,43
184.64,0,0,0,2,2,0,55
184.689,0,0,0,2,2,0,61
184.74,0,0,0,2,2,0,52
184.789,0,0,0,2,2,0,52
184.84,0,0,0,2,2,0,70
184.889,0,0,0,2,2,0,58
184.939,0,0,0,2,2,0,43
184.99,0,0,0,2,2,0,55
185.04,0,0,0,2,2,0,43
185.089,0,0,0,2,2,0,49
185.14,0,0,0,2,2,0,55
185.189,0,0,0,2,2,0,58
185.239,0,0,0,2,2,0,58
185.289,0,0,0,2,2,0,58
185.34,0,0,0,2,2,0,49
185.389,0,0,0,2,2,0,31
185.44,0,0,0,2,2,0,52
185.489,0,0,0,2,2,0,55
185.539,0,0,0,2,2,0,52
185.589,0,0,0,2,2,0,52
185.64,0,0,0,2,2,0,37
185.69,0,0,0,2,2,0,52
185.74,0,0,0,2,2,0,58
185.789,0,0,0,2,2,0,49
185.839,0,0,0,2,2,0,43
185.889,0,0,0,2,2,0,55
185.94,0,0,0,2,2,0,46
185.989,0,0,0,2,2,0,49
186.039,0,0,0,2,2,0,52
186.089,0,0,0,2,2,0,58
186.14,0,0,0,2,2,0,52
186.189,0,0,0,2,2,0,40
186.24,0,0,0,2,2,0,49
186.289,0,0,0,2,2,0,46
186.34,0,0,0,2,2,0,55
186.39,0,0,0,2,2,0,61
186.44,0,0,0,2,2,0,49
186.489,0,0,0,2,2,0,46
186.54,0,0,0,2,2,0,52
186.589,0,0,0,2,2,0,43
186.639,0,0,0,2,2,0,52
186.689,0,0,0,2,2,0,70
186.739,0,0,0,2,2,0,49
186.789,0,0,0,2,2,0,67
186.839,0,0,0,2,2,0,55
186.889,0,0,0,2,2,0,55
186.94,0,0,0,2,2,0,46
186.989,0,0,0,2,2,0,67
187.039,0,0,0,2,2,0,58
187.089,0,0,0,2,2,0,49
187.14,0,0,0,2,2,0,49
187.189,0,0,0,2,2,0,55
187.24,0,0,0,2,2,0,52
187.29,0,0,0,2,2,0,52
187.34,0,0,0,2,2,0,49
187.389,0,0,0,2,2,0,55
187.44,0,0,0,2,2,0,37
187.489,0,0,0,2,2,0,58
187.54,0,0,0,2,2,0,52
187.59,0,0,0,2,2,0,46
187.64,0,0,0,2,2,0,58
187.689,0,0,0,2,2,0,58
187.739,0,0,0,2,2,0,49
187.789,0,0,0,2,2,0,40
187.839,0,0,0,2,2,0,52
187.889,0,0,0,2,2,0,52
187.94,0,0,0,2,2,0,52
187.989,0,0,0,2,2,0,40
188.04,0,0,0,2,2,0,49
188.089,0,0,0,2,2,0,64
188.139,0,0,0,2,2,0,55
188.189,0,0,0,2,2,0,58
188.24,0,0,0,2,2,0,61
188.29,0,0,0,2,2,0,58
188.34,0,0,0,2,2,0,49
188.39,0,0,0,2,2,0,43
188.44,0,0,0,2,2,0,46
188.49,0,0,0,2,2,0,52
188.54,0,0,0,2,2,0,49
188.589,0,0,0,2,2,0,58
188.639,0,0,0,2,2,0,55
188.689,0,0,0,2,2,0,58
188.739,0,0,0,2,2,0,58
188.79,0,0,0,2,2,0,52
188.839,0,0,0,2,2,0,52
188.89,0,0,0,2,2,0,64
188.94,0,0,0,2,2,0,52
188.989,0,0,0,2,2,0,52
189.04,0,0,0,2,2,0,43
189.089,0,0,0,2,2,0,40
189.139,0,0,0,2,2,0,52
189.189,0,0,0,2,2,0,58
189.24,0,0,0,2,2,0,58
189.289,0,0,0,2,2,0,58
189.34,0,0,0,2,2,0,40
189.389,0,0,0,2,2,0,52
189.44,0,0,0,2,2,0,58
189.489,0,0,0,2,2,0,49
189.539,0,0,0,2,2,0,58
189.59,0,0,0,2,2,0,49
189.639,0,0,0,2,2,0,52
189.689,0,0,0,2,2,0,46
189.74,0,0,0,2,2,0,46
189.79,0,0,0,2,2,0,55
189.839,0,0,0,2,2,0,70
189.89,0,0,0,2,2,0,64
189.94,0,0,0,2,2,0,64
189.99,0,0,0,2,2,0,52
190.039,0,0,0,2,2,0,43
190.09,0,0,0,2,2,0,46
190.14,0,0,0,2,2,0,55
190.19,0,0,0,2,2,0,46
190.24,0,0,0,2,2,0,64
190.289,0,0,0,2,2,0,55
190.34,0,0,0,2,2,0,55
190.39,0,0,0,2,2,0,58
190.439,0,0,0,2,2,0,64
190.489,0,0,0,2,2,0,76
190.54,0,0,0,2,2,0,52
190.589,0,0,0,2,2,0,58
190.64,0,0,0,2,2,0,55
190.69,0,0,0,2,2,0,52
190.74,0,0,0,2,2,0,52
190.789,0,0,0,2,2,0,58
190.839,0,0,0,2,2,0,49
190.889,0,0,0,2,2,0,64
190.939,0,0,0,2,2,0,55
190.99,0,0,0,2,2,0,58
191.039,0,0,0,2,2,0,49
191.089,0,0,0,2,2,0,61
191.14,0,0,0,2,2,0,61
191.189,0,0,0,2,2,0,46
191.239,0,0,0,2,2,0,52
191.289,0,0,0,2,2,0,40
191.339,0,0,0,2,2,0,52
191.389,0,0,0,2,2,0,55
191.439,0,0,0,2,2,0,49
191.489,0,0,0,2,2,0,46
191.54,0,0,0,2,2,0,52
191.589,0,0,0,2,2,0,37
191.639,0,0,0,2,2,0,49
191.689,0,0,0,2,2,0,49
191.739,0,0,0,2,2,0,52
191.789,0,0,0,2,2,0,49
191.839,0,0,0,2,2,0,55
191.889,0,0,0,2,2,0,49
191.939,0,0,0,2,2,0,52
191.989,0,0,0,2,2,0,49
192.039,0,0,0,2,2,0,61
192.09,0,0,0,2,2,0,52
192.139,0,0,0,2,2,0,58
192.189,0,0,0,2,2,0,61
192.239,0,0,0,2,2,0,55
192.289,0,0,0,2,2,0,67
192.34,0,0,0,2,2,0,46
192.389,0,0,0,2,2,0,52
192.44,0,0,0,2,2,0,67
192.489,0,0,0,2,2,0,49
192.539,0,0,0,2,2,0,85
192.589,0,0,0,2,2,0,49
192.639,0,0,0,2,2,0,46
192.689,0,0,0,2,2,0,55
192.739,0,0,0,2,2,0,55
192.789,0,0,0,2,2,0,55
192.84,0,0,0,2,2,0,61
192.89,0,0,0,2,2,0,52
192.94,0,0,0,2,2,0,46
192.989,0,0,0,2,2,0,70
193.04,0,0,0,2,2,0,55
193.09,0,0,0,2,2,0,55
193.139,0,0,0,2,2,0,49
193.189,0,0,0,2,2,0,70
193.24,0,0,0,2,2,0,43
193.29,0,0,0,2,2,0,49
193.341,0,0,0,2,2,0,82
193.389,0,0,0,2,2,0,64
193.439,0,0,0,2,2,0,55
193.489,0,0,0,2,2,0,49
193.54,0,0,0,2,2,0,46
193.589,0,0,0,2,2,0,52
193.639,0,0,0,2,2,0,49
193.689,0,0,0,2,2,0,58
193.74,0,0,0,2,2,0,49
193.789,0,0,0,2,2,0,58
193.839,0,0,0,2,2,0,52
193.889,0,0,0,2,2,0,52
193.939,0,0,0,2,2,0,49
193.99,0,0,0,2,2,0,46
194.04,0,0,0,2,2,0,46
194.09,0,0,0,2,2,0,49
194.139,0,0,0,2,2,0,49
194.189,0,0,0,2,2,0,49
194.24,0,0,0,2,2,0,49
194.289,0,0,0,2,2,0,55
194.34,0,0,0,2,2,0,55
194.389,0,0,0,2,2,0,58
194.44,0,0,0,2,2,0,61
194.49,0,0,0,2,2,0,55
194.54,0,0,0,2,2,0,49
194.589,0,0,0,2,2,0,43
194.639,0,0,0,2,2,0,61
194.69,0,0,0,2,2,0,52
194.739,0,0,0,2,2,0,52
194.789,0,0,0,2,2,0,58
194.839,0,0,0,2,2,0,37
194.889,0,0,0,2,2,0,58
194.94,0,0,0,2,2,0,49
194.989,0,0,0,2,2,0,58
195.039,0,0,0,2,2,0,61
195.09,0,0,0,2,2,0,55
195.139,0,0,0,2,2,0,58
195.19,0,0,0,2,2,0,43
195.24,0,0,0,2,2,0,55
195.289,0,0,0,2,2,0,58
195.339,0,0,0,2,2,0,55
195.389,0,0,0,2,2,0,49
195.439,0,0,0,2,2,0,58
195.489,0,0,0,2,2,0,70
195.539,0,0,0,2,2,0,52
195.589,0,0,0,2,2,0,43
195.639,0,0,0,2,2,0,52
195.689,0,0,0,2,2,0,49
195.739,0,0,0,2,2,0,49
195.789,0,0,0,2,2,0,61
195.84,0,0,0,2,2,0,49
195.889,0,0,0,2,2,0,49
195.94,0,0,0,2,2,0,52
195.989,0,0,0,2,2,0,52
196.039,0,0,0,2,2,0,64
196.089,0,0,0,2,2,0,58
196.139,0,0,0,2,2,0,52
196.189,0,0,0,2,2,0,52
196.239,0,0,0,2,2,0,49
196.289,0,0,0,2,2,0,55
196.339,0,0,0,2,2,0,43
196.389,0,0,0,2,2,0,49
196.44,0,0,0,2,2,0,46
196.489,0,0,0,2,2,0,52
196.54,0,0,0,2,2,0,52
196.589,0,0,0,2,2,0,37
196.639,0,0,0,2,2,0,49
196.689,0,0,0,2,2,0,46
196.74,0,0,0,2,2,0,58
196.789,0,0,0,2,2,0,58
196.84,0,0,0,2,2,0,61
196.89,0,0,0,2,2,0,49
196.939,0,0,0,2,2,0,55
196.989,0,0,0,2,2,0,37
197.039,0,0,0,2,2,0,70
197.09,0,0,0,2,2,0,58
197.139,0,0,0,2,2,0,58
197.189,0,0,0,2,2,0,61
197.24,0,0,0,2,2,0,40
197.29,0,0,0,2,2,0,52
197.34,0,0,0,2,2,0,58
197.389,0,0,0,2,2,0,49
197.44,0,0,0,2,2,0,58
197.489,0,0,0,2,2,0,55
197.54,0,0,0,2,2,0,55
197.589,0,0,0,2,2,0,46
197.64,0,0,0,2,2,0,43
197.689,0,0,0,2,2,0,46
197.739,0,0,0,2,2,0,52
197.789,0,0,0,2,2,0,49
197.839,0,0,0,2,2,0,55
197.889,0,0,0,2,2,0,46
197.939,0,0,0,2,2,0,46
197.99,0,0,0,2,2,0,52
198.039,0,0,0,2,2,0,70
198.089,0,0,0,2,2,0,61
198.139,0,0,0,2,2,0,55
198.189,0,0,0,2,2,0,61
198.239,0,0,0,2,2,0,52
198.289,0,0,0,2,2,0,58
198.339,0,0,0,2,2,0,55
198.39,0,0,0,2,2,0,73
198.439,0,0,0,2,2,0,52
198.489,0,0,0,2,2,0,55
198.539,0,0,0,2,2,0,49
198.59,0,0,0,2,2,0,58
198.639,0,0,0,2,2,0,49
198.689,0,0,0,2,2,0,58
198.74,0,0,0,2,2,0,55
198.789,0,0,0,2,2,0,58
198.839,0,0,0,2,2,0,40
198.889,0,0,0,2,2,0,49
198.939,0,0,0,2,2,0,58
198.99,0,0,0,2,2,0,61
199.039,0,0,0,2,2,0,58
199.089,0,0,0,2,2,0,52
199.14,0,0,0,2,2,0,49
199.189,0,0,0,2,2,0,43
199.24,0,0,0,2,2,0,55
199.289,0,0,0,2,2,0,55
199.339,0,0,0,2,2,0,49
199.389,0,0,0,2,2,0,49
199.439,0,0,0,2,2,0,61
199.49,0,0,0,2,2,0,52
199.54,0,0,0,2,2,0,43
199.589,0,0,0,2,2,0,58
199.64,0,0,0,2,2,0,55
199.689,0,0,0,2,2,0,52
199.74,0,0,0,2,2,0,58
199.789,0,0,0,2,2,0,52
199.839,0,0,0,2,2,0,55
199.889,0,0,0,2,2,0,52
199.939,0,0,0,2,2,0,55
199.989,0,0,0,2,2,0,73
200.039,0,0,0,2,2,0,52
200.089,0,0,0,2,2,0,49
200.139,0,0,0,2,2,0,58
200.189,0,0,0,2,2,0,49
200.239,0,0,0,2,2,0,49
200.289,0,0,0,2,2,0,58
200.339,0,0,0,2,2,0,46
200.389,0,0,0,2,2,0,67
200.439,0,0,0,2,2,0,61
200.489,0,0,0,2,2,0,55
200.539,0,0,0,2,2,0,43
200.589,0,0,0,2,2,0,46
200.639,0,0,0,2,2,0,49
200.689,0,0,0,2,2,0,55
200.739,0,0,0,2,2,0,52
200.789,0,0,0,2,2,0,67
200.84,0,0,0,2,2,0,61
200.889,0,0,0,2,2,0,64
200.939,0,0,0,2,2,0,55
200.991,0,0,0,2,2,0,37
201.039,0,0,0,2,2,0,52
201.089,0,0,0,2,2,0,43
201.139,0,0,0,2,2,0,49
201.189,0,0,0,2,2,0,49
201.24,0,0,0,2,2,0,34
201.289,0,0,0,2,2,0,52
201.339,0,0,0,2,2,0,82
